MASTER INDEX - ALL 465 INDICATORS,,,,,,,,,,,,,
Complete catalog with full taxonomy and departmental assignment,,,,,,,,,,,,,
,,,,,,,,,,,,,
Code,Indicator Title,Category,Department,Unit/Data Owner,Result Tier,Unit of Measure,Frequency,PP,SG,BO,Pillars,BD/Programs,Recommended Source
IMP-1,Proportion of livestock households below poverty line,Impact Indicators,Cross-Cutting,,Impact,Percentage (%),Annual,,,,All Pillars,All Programs,External/NBS/CBN
OUT-1,% contribution to GDP (Livestock Sector),Outcome Indicators,Cross-Cutting,,Outcome,Percentage (%),Annual,,,,All Pillars,All Programs,External/NBS/CBN
OUT-2,Annual Livestock Export Earnings (FX),Outcome Indicators,Cross-Cutting,,Outcome,USD (Million),Annual,,,,All Pillars,All Programs,External/NBS/CBN
OUT-3,Volume of livestock products exported (live animals meat dairy hides/skins) ,Outcome Indicators,Cross-Cutting,,Outcome,Metric Tonnes,Annual,,,,All Pillars,All Programs,External/NBS/CBN
OUT-4,Number of  jobs created,Outcome Indicators,Cross-Cutting,,Outcome,Livestock-Attributable Employment (Direct + Indirect) Jobs created/sustained across livestock value chains,Annual,,,,All Pillars,All Programs,External/NBS/CBN
OUT-5,Average Income Change for Women/Youth in Programs,Outcome Indicators,Cross-Cutting,,Outcome,Percentage (%) Change,Annual,,,,All Pillars,All Programs,External/NBS/CBN
OUT-6,Livestock Credit as % of Total Agricultural Lending,Outcome Indicators,Cross-Cutting,,Outcome,Percentage (%),Annual,,,,All Pillars,All Programs,External/NBS/CBN
OUT-7,Daily Animal Protein Consumption Per Capita,Outcome Indicators,Cross-Cutting,,Outcome,Tonnes or kilograms/day,Annual,,,,All Pillars,All Programs,External/NBS/CBN
OUT-8,"Total number of animals by species (cattle, goat, sheep, poultry, pigs)",Outcome Indicators,Cross-Cutting,,Outcome,Number (Million),Annual,,,,All Pillars,All Programs,External/NBS/CBN
OUT-9,Average Slaughter Weight per Cattle,Outcome Indicators,Cross-Cutting,,Outcome,Kilograms,Annual,,,,All Pillars,All Programs,External/NBS/CBN
OUT-10,Average Slaughter Weight per Goat,Outcome Indicators,Cross-Cutting,,Outcome,,,,,,All Pillars,All Programs,External/NBS/CBN
OUT-11,Average Slaughter Weight per Pig,Outcome Indicators,Cross-Cutting,,Outcome,,,,,,All Pillars,All Programs,External/NBS/CBN
OUT-12,Average Slaughter Weight per Poultry,Outcome Indicators,Cross-Cutting,,Outcome,Kilograms,Annual,,,,All Pillars,All Programs,External/NBS/CBN
OUT-13,Total national meat production (all species),Outcome Indicators,Cross-Cutting,,Outcome,,,,,,All Pillars,All Programs,External/NBS/CBN
OUT-14,"Average Daily Milk Yield Per Lactating Specie (Cow, Goat)",Outcome Indicators,Cross-Cutting,,Outcome,Litres/day,Annual,,,,All Pillars,All Programs,External/NBS/CBN
OUT-15,Total national milk production,Outcome Indicators,Cross-Cutting,,Outcome,,,,,,All Pillars,All Programs,External/NBS/CBN
OUT-16,Volume of Honey produced annually ,Outcome Indicators,Cross-Cutting,,Outcome,Litres,,,,,All Pillars,All Programs,External/NBS/CBN
OUT-17,Total national egg production,Outcome Indicators,Cross-Cutting,,Outcome,,,,,,All Pillars,All Programs,External/NBS/CBN
OUT-18,Volume of commercially produced feed,Outcome Indicators,Cross-Cutting,,Outcome,tonnes or kilograms/yr,Annual,,,,All Pillars,All Programs,External/NBS/CBN
OUT-19,Total commercial feed production capacity,Outcome Indicators,Cross-Cutting,,Outcome,,,,,,All Pillars,All Programs,External/NBS/CBN
OUT-20,% of Abattoirs Meeting National Standards,Outcome Indicators,Cross-Cutting,,Outcome,Percentage (%),Annual,,,,All Pillars,All Programs,External/NBS/CBN
OUT-21,"Livestock Mortality Rate by Species (Cattle,Goat,Sheep,Pig,Poultry)",Outcome Indicators,Cross-Cutting,,Outcome,Percentage (%),Annual,,,,All Pillars,All Programs,External/NBS/CBN
OUT-22,"% of animals vaccinated against Priority TADs ( PPR, FMD, NCD, ASF, CBPP)",Outcome Indicators,Cross-Cutting,,Outcome,Percentage (%),Annual,,,,All Pillars,All Programs,External/NBS/CBN
OUT-23,"Prevalance rate of priority TADs (FMD,PPR,NCD,ASF,CBPP,Tickborne diseases,Trypanosomiasis)  across species",Outcome Indicators,Cross-Cutting,,Outcome,,,,,,All Pillars,All Programs,External/NBS/CBN
OUT-24,Livestock Extension Worker to Farmer Ratio,Outcome Indicators,Cross-Cutting,,Outcome,Ratio (1:X),Annual,,,,All Pillars,All Programs,External/NBS/CBN
OUT-25,Veterinarian-to-livestock ratio,Outcome Indicators,Cross-Cutting,,Outcome,,,,,,All Pillars,All Programs,External/NBS/CBN
OUT-26,% of Conflicts resolved by Functional Conflict Mitigation Committees,Outcome Indicators,Cross-Cutting,,Outcome,Percentage (%),Annual,,,,All Pillars,All Programs,External/NBS/CBN
OUT-27,Farmer-Herder Conflict Response Time (Days),Outcome Indicators,Cross-Cutting,,Outcome,Days (Average),Quarterly,,,,All Pillars,All Programs,External/NBS/CBN
OPT-1,Number of livestock related conflicts reported,Strategic Output Indicators,Cross-Cutting,,Output,Percentage (%) Reduction in Livestock-Related Conflict Incidents; Change in reported farmer-herder violent conflicts,Annual,,,,All Pillars,All Programs,Internal FMLD / External
OPT-2,Disease surveillance system coverage,Strategic Output Indicators,Cross-Cutting,,Output,,,,,,All Pillars,All Programs,Internal FMLD / External
OPT-3,"Number of reported outbreaks of transboundary diseases per 100,000 animals",Strategic Output Indicators,Cross-Cutting,,Output,Rate per 100k,Annual,,,,All Pillars,All Programs,Internal FMLD / External
OPT-4,Number of human Zoonotic Disease cases reported,Strategic Output Indicators,Cross-Cutting,,Output,Number of Cases,Annual,,,,All Pillars,All Programs,Internal FMLD / External
OPT-5,Number of functional  Water Points to Animals in Grazing Reserves,Strategic Output Indicators,Cross-Cutting,,Output,Number per 1000,Annual,,,,All Pillars,All Programs,Internal FMLD / External
OPT-6,Total area of grazing land,Strategic Output Indicators,Cross-Cutting,,Output,,,,,,All Pillars,All Programs,Internal FMLD / External
OPT-7,Percentage of grazing land in good/excellent condition,Strategic Output Indicators,Cross-Cutting,,Output,,,,,,All Pillars,All Programs,Internal FMLD / External
OPT-8,Community Animal Health Workers (CAHWs) Deployed and Active,Strategic Output Indicators,Cross-Cutting,,Output,Number,Annual,,,,All Pillars,All Programs,Internal FMLD / External
OPT-9,Number of Animals Registered in NAITS,Strategic Output Indicators,Cross-Cutting,,Output,Number (Million),Quarterly,,,,All Pillars,All Programs,Internal FMLD / External
OPT-10,Number of Functional Abbatiors,Strategic Output Indicators,Cross-Cutting,,Output,,,,,,All Pillars,All Programs,Internal FMLD / External
OPT-11,Number of operational breeding/AI centers,Strategic Output Indicators,Cross-Cutting,,Output,,,,,,All Pillars,All Programs,Internal FMLD / External
OPT-12,Total cold storage capacity for livestock products,Strategic Output Indicators,Cross-Cutting,,Output,,,,,,All Pillars,All Programs,Internal FMLD / External
OPT-13,Number of functional commercial feedmills,Strategic Output Indicators,Cross-Cutting,,Output,,,,,,All Pillars,All Programs,Internal FMLD / External
OPT-14,Number of functional Veterinary Diagnostic Centres,Strategic Output Indicators,Cross-Cutting,,Output,,,,,,All Pillars,All Programs,Internal FMLD / External
OPT-15,Value of Private/PPP Investment Mobilized,Strategic Output Indicators,Cross-Cutting,,Output,Naira (Billion),Annual,,,,All Pillars,All Programs,Internal FMLD / External
OPT-16,Number of Commercial livestock Farms with Active Insurance,Strategic Output Indicators,Cross-Cutting,,Output,Number,Annual,,,,All Pillars,All Programs,Internal FMLD / External
OPT-17,Number of Livestock insured,Strategic Output Indicators,Cross-Cutting,,Output,,,,,,All Pillars,All Programs,Internal FMLD / External
OPT-18,Number of Conflict Mitigation Committee Members Trained,Strategic Output Indicators,Cross-Cutting,,Output,Number,Annual,,,,All Pillars,All Programs,Internal FMLD / External
OPT-19,Number of Transhumance Routes with Formalized Access Agreements,Strategic Output Indicators,Cross-Cutting,,Output,Number,Annual,,,,All Pillars,All Programs,Internal FMLD / External
OPT-20,Number of Livestock Enterprises Owned by Women and Youth,Strategic Output Indicators,Cross-Cutting,,Output,Percentage (%),Annual,,,,All Pillars,All Programs,Internal FMLD / External
OPT-21,Number of Women/Youth Accessing Livestock Finance,Strategic Output Indicators,Cross-Cutting,,Output,Number,Annual,,,,All Pillars,All Programs,Internal FMLD / External
OPT-22,Number of Livestock Cottage Industries Established,Strategic Output Indicators,Cross-Cutting,,Output,Number,Annual,,,,All Pillars,All Programs,Internal FMLD / External
OPT-23,Number of States with Functional NLIMS ,Strategic Output Indicators,Cross-Cutting,,Output,Percentage (%),Annual,,,,All Pillars,All Programs,Internal FMLD / External
OPT-24,Frequency of National Livestock Statistics Publication by FMLD,Strategic Output Indicators,Cross-Cutting,,Output,Number per Year,Annual,,,,All Pillars,All Programs,Internal FMLD / External
OPT-25,Number of request of NLIMS data ,Strategic Output Indicators,Cross-Cutting,,Output,Number,Annual,,,,All Pillars,All Programs,Internal FMLD / External
OPT-26,Number of Livestock Farmers Enrolled in National Database,Strategic Output Indicators,Cross-Cutting,,Output,Percentage (%),Annual,,,,All Pillars,All Programs,Internal FMLD / External
OPT-27,Average interest rate for livestock loans,Strategic Output Indicators,Cross-Cutting,,Output,,,,,,All Pillars,All Programs,Internal FMLD / External
OPT-28,Number of livestock farmers accessing formal credit,Strategic Output Indicators,Cross-Cutting,,Output,,,,,,All Pillars,All Programs,Internal FMLD / External
OPT-29,Number of Quarantine station coverage at border crossings,Strategic Output Indicators,Cross-Cutting,,Output,,,,,,All Pillars,All Programs,Internal FMLD / External
BOI-1,Number of livestock farmers supported with animal husbandry inputs,Bond Output Indicators,Ruminants & Monogastric Development,Department of Production,Output,Number,Quarterly,PP1,SG1,BO1,"P1,P2,P3",BD1,Internal FMLD
BOI-2,Number of livestock farmers supported with veterinary inputs,Bond Output Indicators,Animal Health & Reproductive Services,Department of Veterinary Services,Output,Number,Quarterly,PP1,SG2,BO1,P2,BD1-BD3,Internal FMLD
BOI-3,Quantity of Meat produced annually (Mt),Bond Output Indicators,Common Services Departments,Statistics Unit,Output,Metric Tonnes,Annual,PP1,SG1,BO1,P1,BD1,Internal FMLD
BOI-4,Quantity of milk produced annually (Litres),Bond Output Indicators,Ruminants & Monogastric Development,Dairy Development Unit,Output,Litres,Annual,PP1,SG1,BO1,P1,BD1-BD14,Internal FMLD
BOI-5,Quantity of eggs produced annually (Crates),Bond Output Indicators,Ruminants & Monogastric Development,Poultry Development Unit,Output,Crates,Annual,PP1,SG1,BO1,P1,BD1,Internal FMLD
BOI-6,Weight of honey produced annually (kg),Bond Output Indicators,"Infrastructure, PPP & Special Programs",Apiculture Unit,Output,Kilograms,Annual,PP1,SG1,BO1,P1,BD1,Internal FMLD
BOI-7,Number of youths and women trained and supported with livestock starter packs,Bond Output Indicators,"Infrastructure, PPP & Special Programs",Youth & Women Department,Output,Number,Quarterly,PP4,SG7,BO5,P9,BD7,Internal FMLD
BOI-8,Number of bee keepers trained and supported with bee starter packs,Bond Output Indicators,"Infrastructure, PPP & Special Programs",Apiculture Unit,Output,Number,Quarterly,PP1,SG1,BO1,P1,BD1,Internal FMLD
BOI-9,Number of livestock farmers trained in modern production techniques,Bond Output Indicators,Livestock Extension & Business Development,Extension Department,Output,Number,Quarterly,PP1,SG3,BO1,"P8,P1",BD5,Internal FMLD
BOI-10,Number of breeder farmers supported with improved breeds,Bond Output Indicators,Ruminants & Monogastric Development,Breeding Unit,Output,Number,Quarterly,PP1,SG1,BO1,P1,BD2,Internal FMLD
BOI-11,Number of animals artificially inseminated,Bond Output Indicators,Ruminants & Monogastric Development,Breeding Unit,Output,Number,Quarterly,PP1,SG1,BO1,P1,BD2-BD14,Internal FMLD
BOI-12,Number of embryos transferred into recipient animals,Bond Output Indicators,Ruminants & Monogastric Development,Breeding Unit,Output,Number,Quarterly,PP1,SG1,BO1,P1,BD2-BD14,Internal FMLD
BOI-13,Quantity (doses) of animal vaccines produced annually (million),Bond Output Indicators,Animal Health & Reproductive Services,NVRI,Output,Million Doses,Annual,PP1,SG2,BO1,P2,BD3,Internal FMLD
BOI-14,Number of vaccine doses distributed to States (million),Bond Output Indicators,Animal Health & Reproductive Services,Veterinary Services,Output,Million Doses,Quarterly,PP1,SG2,BO1,P2,BD3,Internal FMLD
BOI-15,Number of animals vaccinated during national campaigns (million),Bond Output Indicators,Animal Health & Reproductive Services,Veterinary Services,Output,Million Animals,Annual,PP1,SG2,BO1,P2,BD3,Internal FMLD
BOI-16,Quantity of disinfectants distributed to States (Liters),Bond Output Indicators,Animal Health & Reproductive Services,Veterinary Services,Output,Litres,Quarterly,PP1,SG2,BO1,P2,BD3,Internal FMLD
BOI-17,Number of sensitization/awareness campaigns on TADs and Zoonoses,Bond Output Indicators,Veterinary Public Health & Epidemiology,Public Health Unit,Output,Number,Annual,PP1,SG2,BO1,P2,BD3,Internal FMLD
BOI-18,Hours of aerial sprays for pest control,Bond Output Indicators,Pest Control Services,Pest Control Unit,Output,Hours,Annual,PP1,SG2,BO1,P2,BD3,Internal FMLD
BOI-19,Hectares of land cultivated for pasture production,Bond Output Indicators,Ranch & Pastoral Resources,Pasture Production Unit,Output,Hectares,Annual,PP1,SG3,BO1,P3,BD4,Internal FMLD
BOI-20,Quantity of pasture seeds distributed (kg),Bond Output Indicators,Ranch & Pastoral Resources,Seed Production Unit,Output,Kilograms,Annual,PP1,SG3,BO1,P3,BD4,Internal FMLD
BOI-21,Number of grazing reserves and ranches rehabilitated,Bond Output Indicators,Ranch & Pastoral Resources,Grazing Reserves Management,Output,Number,Annual,PP1,SG3,BO1,P3,BD4,Internal FMLD
BOI-22,Number of livestock communities supported with pasture and water,Bond Output Indicators,"Infrastructure, PPP & Special Programs",Community Development Unit,Output,Number,Annual,PP1,SG3,BO1,"P3,P4",BD4,Internal FMLD
BOI-23,Number of feed producers and farmers trained in alternative feedstuff,Bond Output Indicators,Ranch & Pastoral Resources,Feed Innovation Unit,Output,Number,Annual,PP1,SG3,BO1,P3,BD4,Internal FMLD
BOI-24,Number of Livestock Extension Workers (LEWs) trained,Bond Output Indicators,Livestock Extension & Business Development,Extension Training Unit,Output,Number,Annual,PP1,SG3,BO1,P8,BD5,Internal FMLD
BOI-25,Number of Community Animal Health Workers (CAHWs) trained,Bond Output Indicators,Common Services Departments,Training Unit,Output,Number,Annual,PP1,SG2,BO1,P2,BD6,Internal FMLD
BOI-26,Number of Veterinarians trained through ISAVET programme,Bond Output Indicators,"Infrastructure, PPP & Special Programs",ISAVET Coordination,Output,Number,Annual,PP1,SG2,BO1,P2,BD6,Internal FMLD
BOI-27,Number of flood-prone states supported with protective measures,Bond Output Indicators,Veterinary Public Health & Epidemiology,Emergency Response Unit,Output,Number,Annual,PP1,SG2,BO1,P2,BD7,Internal FMLD
BOI-28,Number of Veterinary Hospitals/PAHCs constructed/rehabilitated,Bond Output Indicators,"Infrastructure, PPP & Special Programs",Veterinary Infrastructure,Output,Number,Annual,PP2,SG4,BO2,P7,BD8,Internal FMLD
BOI-29,Number of abattoirs/slaughter houses upgraded,Bond Output Indicators,Veterinary Public Health & Epidemiology,Abattoir Modernization,Output,Number,Annual,PP2,SG4,BO2,P7,BD8,Internal FMLD
BOI-30,Number of Live Bird Markets rehabilitated,Bond Output Indicators,Livestock Extension & Business Development,Market Infrastructure,Output,Number,Annual,PP2,SG4,BO2,P7,BD8,Internal FMLD
BOI-31,Number of Livestock Markets rehabilitated,Bond Output Indicators,Livestock Extension & Business Development,Market Infrastructure,Output,Number,Annual,PP2,SG4,BO2,P7,BD8,Internal FMLD
BOI-32,Number of cold Room facilities built for vaccine preservation,Bond Output Indicators,"Infrastructure, PPP & Special Programs",Cold Chain Unit,Output,Number,Annual,PP2,SG4,BO2,P7,BD8,Internal FMLD
BOI-33,Number of private investors enrolled and engaged,Bond Output Indicators,"Infrastructure, PPP & Special Programs",PPP Unit,Output,Number,Annual,PP2,SG5,BO2,P5,BD9,Internal FMLD
BOI-34,Number of private animal health providers supported with equipment,Bond Output Indicators,"Infrastructure, PPP & Special Programs",Private Sector Unit,Output,Number,Annual,PP2,SG5,BO2,"P2,P7",BD9,Internal FMLD
BOI-35,Number of PPP projects with bankable business cases,Bond Output Indicators,"Infrastructure, PPP & Special Programs",PPP Unit,Output,Number,Annual,PP2,SG5,BO2,P5,BD9,Internal FMLD
BOI-36,Number of PPP projects handed over to private sector,Bond Output Indicators,"Infrastructure, PPP & Special Programs",PPP Unit,Output,Number,Annual,PP2,SG5,BO2,P5,BD9,Internal FMLD
BOI-37,Number of livestock export promotion workshops organized,Bond Output Indicators,Livestock Extension & Business Development,Export Promotion Unit,Output,Number,Annual,PP2,SG4,BO3,"P1,P5",BD10,Internal FMLD
BOI-38,Number of livestock value actors trained on SPS and food safety,Bond Output Indicators,Quality Assurance & Certification,Food Safety Unit,Output,Number,Annual,PP2,SG4,BO3,"P2,P5",BD10,Internal FMLD
BOI-39,2025 baseline survey for livestock products and honey completed,Bond Output Indicators,Common Services Departments,Census Unit,Output,Binary (Y/N),One-time,PP4,SG8,BO5,P10,BD11,Internal FMLD
BOI-40,Number of annual surveys for livestock production conducted,Bond Output Indicators,Common Services Departments,Statistics Unit,Output,Number,Annual,PP4,SG8,BO5,P10,BD11,Internal FMLD
BOI-41,Number of livestock farmers enlisted on national database,Bond Output Indicators,Common Services Departments,NLIMS Project Office,Output,Number,Quarterly,PP4,SG8,BO5,P10,BD11-BD12,Internal FMLD
BOI-42,Number of livestock farmers trained in business models,Bond Output Indicators,Common Services Departments,Common Services Departments,Output,Number,Annual,PP2,SG4,BO3,P9,BD12,Internal FMLD
BOI-43,Number of livestock cooperatives linked to formal markets,Bond Output Indicators,Livestock Extension & Business Development,Market Linkages Unit,Output,Number,Annual,PP2,SG4,BO3,"P5,P9",BD12,Internal FMLD
BOI-44,Number of animals registered on National Traceability System,Bond Output Indicators,Common Services Departments,Traceability Unit,Output,Number,Quarterly,PP4,SG8,BO3,P10,BD12,Internal FMLD
BOI-45,Number of Livestock traded in domestic/international markets (million),Bond Output Indicators,Livestock Extension & Business Development,Trade Statistics Unit,Output,Million Animals,Annual,PP2,SG4,BO3,"P1,P5",BD12,Internal FMLD
BOI-46,Number of conflict mitigation committees established,Bond Output Indicators,"Infrastructure, PPP & Special Programs",Peace Building Unit,Output,Number,Annual,PP3,SG6,BO4,P6,BD13,Internal FMLD
BOI-47,Number of conflict mitigation committee members trained,Bond Output Indicators,"Infrastructure, PPP & Special Programs",Peace Building Unit,Output,Number,Annual,PP3,SG6,BO4,P6,BD13,Internal FMLD
BOI-48,Operational Situation room established,Bond Output Indicators,"Infrastructure, PPP & Special Programs",Emergency Operations,Output,Binary (Y/N),One-time,PP3,SG6,BO4,P6,BD13,Internal FMLD
BOI-49,Number of small-scale dairy farmers supported with improved breeds,Bond Output Indicators,Ruminants & Monogastric Development,Dairy Development Unit,Output,Number,Annual,PP1,SG1,BO1,P1,BD14,Internal FMLD
BOI-50,Number of animals AI for milk production,Bond Output Indicators,Ruminants & Monogastric Development,Dairy Development Unit,Output,Number,Annual,PP1,SG1,BO1,P1,BD14,Internal FMLD
BOI-51,Number of embryos transferred for milk production,Bond Output Indicators,Ruminants & Monogastric Development,Dairy Development Unit,Output,Number,Annual,PP1,SG1,BO1,P1,BD14,Internal FMLD
BOI-52,Number of milking collection centers rehabilitated,Bond Output Indicators,Ruminants & Monogastric Development,Dairy Development Unit,Output,Number,Annual,PP1,SG1,BO1,P1,BD14,Internal FMLD
BOI-53,Number of milk aggregators supported with collection tools,Bond Output Indicators,Ruminants & Monogastric Development,Dairy Development Unit,Output,Number,Annual,PP1,SG1,BO1,P1,BD14,Internal FMLD
BOI-54,National Growth Acceleration Strategy Developed (NLGAS),Bond Output Indicators,Permanent Secretary's Office,Planning Department,Output,Binary (Y/N),One-time,PP4,SG7,BO7,P10,BD15,Internal FMLD
BOI-55,Number of citizens engagement sessions held,Bond Output Indicators,Common Services Departments,Public Relations Unit,Output,Number,Quarterly,PP4,SG7,BO8,P10,BD16,Internal FMLD
BOI-56,Number of citizens feedback received,Bond Output Indicators,Common Services Departments,Public Relations Unit,Output,Number,Quarterly,PP4,SG7,BO8,P10,BD16,Internal FMLD
BOI-57,Number of initiatives/adjustments made from feedback,Bond Output Indicators,Common Services Departments,Policy Unit,Output,Number,Quarterly,PP4,SG7,BO8,P10,BD16,Internal FMLD
PPOI-1.1.1,Number of solar chillers in use,Pillar Program Output Indicators,Ruminants & Monogastric Development,Dairy Development Unit,Output,Number,Quarterly,PP1,SG1,BO1,P1,P1.1,Internal FMLD
PPOI-1.1.2,Volume of milk processed (liters),Pillar Program Output Indicators,Ruminants & Monogastric Development,Dairy Development Unit,Output,Litres,Monthly,PP1,SG1,BO1,P1,P1.1,Internal FMLD
PPOI-1.1.3,Number of new dairy cooperatives formed,Pillar Program Output Indicators,Livestock Extension & Business Development,Cooperatives Development,Output,Number,Annual,PP1,SG1,BO1,P1,P1.1,Internal FMLD
PPOI-1.1.4,Number of new milk aggregators operational,Pillar Program Output Indicators,Ruminants & Monogastric Development,Dairy Development Unit,Output,Number,Annual,PP1,SG1,BO1,P1,P1.1,Internal FMLD
PPOI-1.1.5,Percentage boost in milk yield per cow,Pillar Program Output Indicators,Ruminants & Monogastric Development,Dairy Development Unit,Output,Percentage (%),Annual,PP1,SG1,BO1,P1,P1.1,Internal FMLD
PPOI-1.1.6,Percentage of dairy policies rolled out/active,Pillar Program Output Indicators,Common Services Departments,Policy Unit,Output,Percentage (%),Annual,PP1,SG1,BO1,P1,P1.1,Internal FMLD
PPOI-1.1.7,Number of AI and embryo transfers completed,Pillar Program Output Indicators,Ruminants & Monogastric Development,Breeding Unit,Output,Number,Quarterly,PP1,SG1,BO1,P1,P1.1,Internal FMLD
PPOI-1.1.8,Number of persons reached (sensitization),Pillar Program Output Indicators,Common Services Departments,Training Unit,Output,Number,Quarterly,PP1,SG1,BO1,P1,P1.1,Internal FMLD
PPOI-1.1.9,Number of persons trained (stockmen/technicians),Pillar Program Output Indicators,Common Services Departments,Training Unit,Output,Number,Quarterly,PP1,SG1,BO1,P1,P1.1,Internal FMLD
PPOI-1.1.10,Number of active development partners,Pillar Program Output Indicators,"Infrastructure, PPP & Special Programs",Partnerships Unit,Output,Number,Annual,PP1,SG1,BO1,P1,P1.1,Internal FMLD
PPOI-1.2.1,Percentage cost reduction in feed price,Pillar Program Output Indicators,Ranch & Pastoral Resources,Feed Planning Unit,Output,Percentage (%),Quarterly,PP1,SG1,BO1,P1,P1.2,Internal FMLD
PPOI-1.2.2,Number of participants trained in soybean linkages,Pillar Program Output Indicators,Common Services Departments,Training Unit,Output,Number,Quarterly,PP1,SG1,BO1,P1,P1.2,Internal FMLD
PPOI-1.2.3,Number of persons trained (capacity building),Pillar Program Output Indicators,Common Services Departments,Training Unit,Output,Number,Quarterly,PP1,SG1,BO1,P1,P1.2,Internal FMLD
PPOI-1.2.4,Volume of credit extended to poultry farmers,Pillar Program Output Indicators,Common Services Departments,Finance & Credit Department,Output,Naira (Million),Quarterly,PP1,SG1,BO1,P1,P1.2,Internal FMLD
PPOI-1.2.5,Number of processing sites rehabilitated,Pillar Program Output Indicators,"Infrastructure, PPP & Special Programs",Infrastructure Department,Output,Number,Annual,PP1,SG1,BO1,P1,P1.2,Internal FMLD
PPOI-1.2.6,Number of participants sensitized (outgrower schemes),Pillar Program Output Indicators,Livestock Extension & Business Development,Outgrower Unit,Output,Number,Quarterly,PP1,SG1,BO1,P1,P1.2,Internal FMLD
PPOI-1.2.7,Number of GPS farms established by private sector,Pillar Program Output Indicators,"Infrastructure, PPP & Special Programs",Private Sector Unit,Output,Number,Annual,PP1,SG1,BO1,P1,P1.2,Internal FMLD
PPOI-1.2.8,Number of workshops conducted (policy development),Pillar Program Output Indicators,Common Services Departments,Policy Unit,Output,Number,Annual,PP1,SG1,BO1,P1,P1.2,Internal FMLD
PPOI-1.2.9,Number of chicks distributed (rural poultry support),Pillar Program Output Indicators,Ruminants & Monogastric Development,Poultry Development Unit,Output,Number,Quarterly,PP1,SG1,BO1,P1,P1.2,Internal FMLD
PPOI-1.2.10,Number of community animal husbandry providers trained,Pillar Program Output Indicators,Common Services Departments,Training Unit,Output,Number,Annual,PP1,SG1,BO1,P1,P1.2,Internal FMLD
PPOI-1.3.1,Number of cooperatives formed,Pillar Program Output Indicators,Livestock Extension & Business Development,Cooperatives Development,Output,Number,Annual,PP1,SG1,BO1,P1,P1.3,Internal FMLD
PPOI-1.3.2,Number of farmers engaged in cooperatives,Pillar Program Output Indicators,Livestock Extension & Business Development,Cooperatives Development,Output,Number,Annual,PP1,SG1,BO1,P1,P1.3,Internal FMLD
PPOI-1.3.3,Number of farmers impacted by breeding programs,Pillar Program Output Indicators,Ruminants & Monogastric Development,Breeding Unit,Output,Number,Annual,PP1,SG1,BO1,P1,P1.3,Internal FMLD
PPOI-1.3.4,Percentage rise in sheep/goat yields,Pillar Program Output Indicators,Ruminants & Monogastric Development,Small Ruminant Unit,Output,Percentage (%),Annual,PP1,SG1,BO1,P1,P1.3,Internal FMLD
PPOI-1.3.5,Number of goat houses constructed,Pillar Program Output Indicators,"Infrastructure, PPP & Special Programs",Infrastructure Department,Output,Number,Annual,PP1,SG1,BO1,P1,P1.3,Internal FMLD
PPOI-1.3.6,Number of farmers supported (fattening programs),Pillar Program Output Indicators,Ruminants & Monogastric Development,Small Ruminant Unit,Output,Number,Quarterly,PP1,SG1,BO1,P1,P1.3,Internal FMLD
PPOI-1.3.7,Number of processing centers rehabilitated,Pillar Program Output Indicators,"Infrastructure, PPP & Special Programs",Infrastructure Department,Output,Number,Annual,PP1,SG1,BO1,P1,P1.3,Internal FMLD
PPOI-1.4.1,Number of fattening cooperatives formed,Pillar Program Output Indicators,Livestock Extension & Business Development,Cooperatives Development,Output,Number,Annual,PP1,SG1,BO1,P1,P1.4,Internal FMLD
PPOI-1.4.2,Number of farmers trained (cooperative members),Pillar Program Output Indicators,Common Services Departments,Training Unit,Output,Number,Quarterly,PP1,SG1,BO1,P1,P1.4,Internal FMLD
PPOI-1.4.3,Tons of fattening feed distributed,Pillar Program Output Indicators,Ruminants & Monogastric Development,Feed Distribution Unit,Output,Metric Tonnes,Quarterly,PP1,SG1,BO1,P1,P1.4,Internal FMLD
PPOI-1.4.4,Number of meat transport entrepreneurs incentivized,Pillar Program Output Indicators,"Infrastructure, PPP & Special Programs",Logistics Unit,Output,Number,Annual,PP1,SG1,BO1,P1,P1.4,Internal FMLD
PPOI-1.4.5,Number of abattoir modernization projects,Pillar Program Output Indicators,Veterinary Public Health & Epidemiology,Abattoir Modernization,Output,Number,Annual,PP1,SG1,BO1,P1,P1.4,Internal FMLD
PPOI-1.4.6,Rollout of abattoir SOPs (% states compliant),Pillar Program Output Indicators,Quality Assurance & Certification,Standards Unit,Output,Percentage (%),Annual,PP1,SG1,BO1,P1,P1.4,Internal FMLD
PPOI-1.4.7,Number of butchers/vendors trained,Pillar Program Output Indicators,"Infrastructure, PPP & Special Programs",,Output,Number,Quarterly,,,,,,Internal FMLD
PPOI-1.4.8,Number of modern meat retail shops incentivized,Pillar Program Output Indicators,Livestock Extension & Business Development,Market Development Unit,Output,Number,Annual,PP1,SG1,BO1,P1,P1.4,Internal FMLD
PPOI-1.5.1,Number of pig farmers supported with inputs,Pillar Program Output Indicators,Ruminants & Monogastric Development,Pig Production Unit,Output,Number,Quarterly,PP1,SG1,BO1,P1,P1.5,Internal FMLD
PPOI-1.5.2,Number of meat processors trained,Pillar Program Output Indicators,Common Services Departments,Training Unit,Output,Number,Quarterly,PP1,SG1,BO1,P1,P1.5,Internal FMLD
PPOI-1.5.3,Number of markets linked to pig producers,Pillar Program Output Indicators,Livestock Extension & Business Development,Market Linkages Unit,Output,Number,Annual,PP1,SG1,BO1,P1,P1.5,Internal FMLD
PPOI-1.6.1,Number of value chain actors registered,Pillar Program Output Indicators,Ruminants & Monogastric Development,Leather Development Unit,Output,Number,Annual,PP1,SG1,BO1,P1,P1.6,Internal FMLD
PPOI-1.6.2,Number of participants trained (breed improvement),Pillar Program Output Indicators,Common Services Departments,Training Unit,Output,Number,Quarterly,PP1,SG1,BO1,P1,P1.6,Internal FMLD
PPOI-1.6.3,Number of actors receiving input support,Pillar Program Output Indicators,"Infrastructure, PPP & Special Programs",Input Support Unit,Output,Number,Quarterly,PP1,SG1,BO1,P1,P1.6,Internal FMLD
PPOI-1.6.4,Number of SOP copies produced and distributed,Pillar Program Output Indicators,Quality Assurance & Certification,Standards Unit,Output,Number,Annual,PP1,SG1,BO1,P1,P1.6,Internal FMLD
PPOI-1.6.5,Number of markets linked to leather producers,Pillar Program Output Indicators,Livestock Extension & Business Development,Market Linkages Unit,Output,Number,Annual,PP1,SG1,BO1,P1,P1.6,Internal FMLD
PPOI-1.7.1,Number of micro-livestock actors registered,Pillar Program Output Indicators,Ruminants & Monogastric Development,Micro-Livestock Unit,Output,Number,Annual,PP1,SG1,BO1,P1,P1.7,Internal FMLD
PPOI-1.7.2,Number of actors trained in improved husbandry,Pillar Program Output Indicators,Common Services Departments,Training Unit,Output,Number,Quarterly,PP1,SG1,BO1,P1,P1.7,Internal FMLD
PPOI-1.7.3,Number of SOP copies distributed (micro-livestock),Pillar Program Output Indicators,Quality Assurance & Certification,Standards Unit,Output,Number,Annual,PP1,SG1,BO1,P1,P1.7,Internal FMLD
PPOI-1.7.4,Number of farmers supported with inputs (micro-livestock),Pillar Program Output Indicators,"Infrastructure, PPP & Special Programs",Input Support Unit,Output,Number,Quarterly,PP1,SG1,BO1,P1,P1.7,Internal FMLD
PPOI-1.7.5,Number of markets linked to micro-livestock producers,Pillar Program Output Indicators,Livestock Extension & Business Development,Market Linkages Unit,Output,Number,Annual,PP1,SG1,BO1,P1,P1.7,Internal FMLD
PPOI-1.7.6,Number of beehives kept (apiculture),Pillar Program Output Indicators,"Infrastructure, PPP & Special Programs",Apiculture Unit,Output,Number,Annual,PP1,SG1,BO1,P1,P1.7,Internal FMLD
PPOI-1.7.7,Honey production volume (liters),Pillar Program Output Indicators,"Infrastructure, PPP & Special Programs",Apiculture Unit,Output,Litres,Annual,PP1,SG1,BO1,P1,P1.7,Internal FMLD
PPOI-1.7.8,Percentage of honey certified residue-free,Pillar Program Output Indicators,Quality Assurance & Certification,Quality Assurance Unit,Output,Percentage (%),Annual,PP1,SG1,BO1,P1,P1.7,Internal FMLD
PPOI-1.7.9,Number of donkey breeders registered,Pillar Program Output Indicators,Ruminants & Monogastric Development,Donkey Breeding Unit,Output,Number,Annual,PP1,SG1,BO1,P1,P1.7,Internal FMLD
PPOI-1.7.10,Number of donkey farmers supported (Jennys feed minerals),Pillar Program Output Indicators,Ruminants & Monogastric Development,Donkey Support Unit,Output,Number,Quarterly,PP1,SG1,BO1,P1,P1.7,Internal FMLD
PPOI-2.1.1,Quantity of veterinary supplies procured,Pillar Program Output Indicators,Common Services Departments,Procurement Unit,Output,Number/Volume,Quarterly,PP1,SG2,BO1,P2,P2.1,Internal FMLD
PPOI-2.1.2,Number of stockout incidents,Pillar Program Output Indicators,Animal Health & Reproductive Services,Supply Chain Unit,Output,Number,Monthly,PP1,SG2,BO1,P2,P2.1,Internal FMLD
PPOI-2.2.1,Percentage rise in disease detection rates,Pillar Program Output Indicators,Animal Health & Reproductive Services,Epidemiology Unit,Output,Percentage (%),Quarterly,PP1,SG2,BO1,P2,P2.2,Internal FMLD
PPOI-2.2.2,Number of persons trained (biosecurity protocols),Pillar Program Output Indicators,Common Services Departments,Training Unit,Output,Number,Quarterly,PP1,SG2,BO1,P2,P2.2,Internal FMLD
PPOI-2.2.3,Number of veterinary clinics rebuilt/equipped,Pillar Program Output Indicators,"Infrastructure, PPP & Special Programs",Veterinary Infrastructure,Output,Number,Annual,PP1,SG2,BO1,P2,P2.2,Internal FMLD
PPOI-2.2.4,Usage levels of rehabilitated clinics (% capacity),Pillar Program Output Indicators,"Infrastructure, PPP & Special Programs",Service Delivery Unit,Output,Percentage (%),Monthly,PP1,SG2,BO1,P2,P2.2,Internal FMLD
PPOI-2.2.5,Number of disease outbreaks prevented,Pillar Program Output Indicators,Animal Health & Reproductive Services,Epidemiology Unit,Output,Number,Quarterly,PP1,SG2,BO1,P2,P2.2,Internal FMLD
PPOI-2.2.6,Improved outbreak detection rates (% detected <24hrs),Pillar Program Output Indicators,Animal Health & Reproductive Services,Rapid Response Unit,Output,Percentage (%),Quarterly,PP1,SG2,BO1,P2,P2.2,Internal FMLD
PPOI-2.2.7,Number of surveillance officers trained,Pillar Program Output Indicators,Common Services Departments,Training Unit,Output,Number,Annual,PP1,SG2,BO1,P2,P2.2,Internal FMLD
PPOI-2.2.8,System readiness score (surveillance infrastructure),Pillar Program Output Indicators,Common Services Departments,Systems Unit,Output,Score (0-100),Quarterly,PP1,SG2,BO1,P2,P2.2,Internal FMLD
PPOI-2.2.9,Number of surveillance vehicles deployed,Pillar Program Output Indicators,"Infrastructure, PPP & Special Programs",Logistics Unit,Output,Number,Quarterly,PP1,SG2,BO1,P2,P2.2,Internal FMLD
PPOI-2.2.10,Improved capacity to prevent/manage outbreaks (index score),Pillar Program Output Indicators,Animal Health & Reproductive Services,Capacity Building Unit,Output,Index Score,Annual,PP1,SG2,BO1,P2,P2.2,Internal FMLD
PPOI-2.3.1,Percentage vaccination coverage target achieved,Pillar Program Output Indicators,Animal Health & Reproductive Services,Vaccination Unit,Output,Percentage (%),Annual,PP1,SG2,BO1,P2,P2.3,Internal FMLD
PPOI-2.3.2,Decline in vaccine/consumable stockouts,Pillar Program Output Indicators,Animal Health & Reproductive Services,Supply Chain Unit,Output,Percentage (%) Decline,Quarterly,PP1,SG2,BO1,P2,P2.3,Internal FMLD
PPOI-2.3.3,Falling number of infection spillovers (zoonotic diseases),Pillar Program Output Indicators,Animal Health & Reproductive Services,One Health Unit,Output,Number,Quarterly,PP1,SG2,BO1,P2,P2.3,Internal FMLD
PPOI-2.3.4,Number of disease control campaigns conducted,Pillar Program Output Indicators,Animal Health & Reproductive Services,Campaign Unit,Output,Number,Annual,PP1,SG2,BO1,P2,P2.3,Internal FMLD
PPOI-2.3.5,Percentage decline in TAD incidence,Pillar Program Output Indicators,Animal Health & Reproductive Services,Epidemiology Unit,Output,Percentage (%) Decline,Annual,PP1,SG2,BO1,P2,P2.3,Internal FMLD
PPOI-2.4.1,Number of diagnostic kits distributed,Pillar Program Output Indicators,Animal Health & Reproductive Services,Laboratory Services,Output,Number,Quarterly,PP1,SG2,BO1,P2,P2.4,Internal FMLD
PPOI-2.4.2,Percentage decline in diagnostic stockouts,Pillar Program Output Indicators,Animal Health & Reproductive Services,Supply Chain Unit,Output,Percentage (%) Decline,Quarterly,PP1,SG2,BO1,P2,P2.4,Internal FMLD
PPOI-2.4.3,Number of laboratories upgraded,Pillar Program Output Indicators,Animal Health & Reproductive Services,Laboratory Services,Output,Number,Annual,PP1,SG2,BO1,P2,P2.4,Internal FMLD
PPOI-2.4.4,Percentage improvement in lab efficiency (turnaround time),Pillar Program Output Indicators,Animal Health & Reproductive Services,Laboratory Services,Output,Percentage (%),Quarterly,PP1,SG2,BO1,P2,P2.4,Internal FMLD
PPOI-2.4.5,Percentage efficiency in data collection and diagnostic accuracy,Pillar Program Output Indicators,Quality Assurance & Certification,Quality Assurance Unit,Output,Percentage (%),Quarterly,PP1,SG2,BO1,P2,P2.4,Internal FMLD
PPOI-2.4.6,Percentage remapped surveillance points operational,Pillar Program Output Indicators,Animal Health & Reproductive Services,Surveillance Unit,Output,Percentage (%),Annual,PP1,SG2,BO1,P2,P2.4,Internal FMLD
PPOI-2.5.1,Number of veterinary certificates issued,Pillar Program Output Indicators,Animal Health & Reproductive Services,Veterinary Quarantine,Output,Number,Quarterly,PP2,SG4,BO3,P2,P2.5,Internal FMLD
PPOI-2.5.2,Percentage increase in market access to export markets,Pillar Program Output Indicators,Livestock Extension & Business Development,Export Promotion Unit,Output,Percentage (%),Annual,PP2,SG4,BO3,P2,P2.5,Internal FMLD
PPOI-2.5.3,Percentage compliance with veterinary regulations,Pillar Program Output Indicators,Quality Assurance & Certification,Regulatory Compliance Unit,Output,Percentage (%),Quarterly,PP2,SG4,BO3,P2,P2.5,Internal FMLD
PPOI-2.5.4,Percentage increase in livestock product exports,Pillar Program Output Indicators,Livestock Extension & Business Development,Export Statistics Unit,Output,Percentage (%),Annual,PP2,SG4,BO3,P2,P2.5,Internal FMLD
PPOI-2.5.5,Database quality score (livestock demographics),Pillar Program Output Indicators,Common Services Departments,Data Quality Unit,Output,Score (0-100),Annual,PP2,SG4,BO3,P2,P2.5,Internal FMLD
PPOI-2.5.6,Database usage statistics (number of queries/reports),Pillar Program Output Indicators,Common Services Departments,Systems Unit,Output,Number,Quarterly,PP2,SG4,BO3,P2,P2.5,Internal FMLD
PPOI-2.6.1,Number of beehives kept,Pillar Program Output Indicators,Animal Health & Reproductive Services,Apiculture Health Unit,Output,Number,Annual,PP1,SG2,BO1,P2,P2.6,Internal FMLD
PPOI-2.6.2,Honey production volumes (liters),Pillar Program Output Indicators,Animal Health & Reproductive Services,Apiculture Health Unit,Output,Litres,Annual,PP1,SG2,BO1,P2,P2.6,Internal FMLD
PPOI-2.6.3,Percentage of honey certified residue-free,Pillar Program Output Indicators,Quality Assurance & Certification,Quality Assurance Unit,Output,Percentage (%),Annual,PP1,SG2,BO1,P2,P2.6,Internal FMLD
PPOI-2.6.4,Percentage disease outbreaks in micro-livestock per annum,Pillar Program Output Indicators,Animal Health & Reproductive Services,Micro-Livestock Health Unit,Output,Percentage (%),Annual,PP1,SG2,BO1,P2,P2.6,Internal FMLD
PPOI-2.6.5,Number of micro-livestock farmers trained in biosecurity,Pillar Program Output Indicators,Common Services Departments,Training Unit,Output,Number,Quarterly,PP1,SG2,BO1,P2,P2.6,Internal FMLD
PPOI-2.6.6,Number of micro-livestock farms biosecurity compliant,Pillar Program Output Indicators,Quality Assurance & Certification,Inspection Unit,Output,Number,Annual,PP1,SG2,BO1,P2,P2.6,Internal FMLD
PPOI-2.7.1,Percentage reduction in aquaculture health incidents,Pillar Program Output Indicators,Animal Health & Reproductive Services,Aquaculture Health Unit,Output,Percentage (%) Reduction,Quarterly,PP1,SG2,BO1,P2,P2.7,Internal FMLD
PPOI-2.7.2,Percentage reduction in chemical use (aquaculture),Pillar Program Output Indicators,Animal Health & Reproductive Services,Aquaculture Health Unit,Output,Percentage (%) Reduction,Annual,PP1,SG2,BO1,P2,P2.7,Internal FMLD
PPOI-2.7.3,Percentage increase in aquaculture productivity,Pillar Program Output Indicators,Animal Health & Reproductive Services,Aquaculture Health Unit,Output,Percentage (%),Annual,PP1,SG2,BO1,P2,P2.7,Internal FMLD
PPOI-2.7.4,Number of disease outbreaks prevented/contained,Pillar Program Output Indicators,Animal Health & Reproductive Services,Disease Response Unit,Output,Number,Quarterly,PP1,SG2,BO1,P2,P2.7,Internal FMLD
PPOI-2.7.5,Number of aquaculture farmers trained and protected,Pillar Program Output Indicators,Common Services Departments,Training Unit,Output,Number,Annual,PP1,SG2,BO1,P2,P2.7,Internal FMLD
PPOI-2.8.1,Number of wildlife officers trained,Pillar Program Output Indicators,Animal Health & Reproductive Services,Wildlife Health Unit,Output,Number,Annual,PP1,SG2,BO1,P2,P2.8,Internal FMLD
PPOI-2.8.2,Level of knowledge transferred (assessment score),Pillar Program Output Indicators,Common Services Departments,Training Unit,Output,Score (0-100),Quarterly,PP1,SG2,BO1,P2,P2.8,Internal FMLD
PPOI-2.8.3,Percentage increase in prompt wildlife disease detection,Pillar Program Output Indicators,Animal Health & Reproductive Services,Wildlife Health Unit,Output,Percentage (%),Quarterly,PP1,SG2,BO1,P2,P2.8,Internal FMLD
PPOI-2.8.4,Stability of wildlife ecosystem (disease impact score),Pillar Program Output Indicators,Animal Health & Reproductive Services,Wildlife Health Unit,Output,Score (0-100),Annual,PP1,SG2,BO1,P2,P2.8,Internal FMLD
PPOI-2.8.5,Number of disease spillovers from wildlife prevented,Pillar Program Output Indicators,Animal Health & Reproductive Services,One Health Unit,Output,Number,Quarterly,PP1,SG2,BO1,P2,P2.8,Internal FMLD
PPOI-2.9.1,Number of functional One Health structures at sub-national levels,Pillar Program Output Indicators,Animal Health & Reproductive Services,One Health Unit,Output,Number,Annual,PP1,SG2,BO1,P2,P2.9,Internal FMLD
PPOI-2.9.2,Number of One Health teams established and operational,Pillar Program Output Indicators,Animal Health & Reproductive Services,One Health Unit,Output,Number,Annual,PP1,SG2,BO1,P2,P2.9,Internal FMLD
PPOI-2.9.3,Percentage alignment with global One Health best practices,Pillar Program Output Indicators,Animal Health & Reproductive Services,One Health Unit,Output,Percentage (%),Annual,PP1,SG2,BO1,P2,P2.9,Internal FMLD
PPOI-2.9.4,Percentage of zoonoses controlled (target diseases),Pillar Program Output Indicators,Animal Health & Reproductive Services,One Health Unit,Output,Percentage (%),Annual,PP1,SG2,BO1,P2,P2.9,Internal FMLD
PPOI-2.9.5,Number of One Health multilateral meetings conducted,Pillar Program Output Indicators,Animal Health & Reproductive Services,One Health Unit,Output,Number,Annual,PP1,SG2,BO1,P2,P2.9,Internal FMLD
PPOI-2.10.1,Percentage of WOAH dues paid on time,Pillar Program Output Indicators,"Infrastructure, PPP & Special Programs",International Relations,Output,Percentage (%),Annual,PP1,SG2,BO1,P2,P2.10,Internal FMLD
PPOI-2.10.2,Percentage of WOAH obligations met (reporting standards),Pillar Program Output Indicators,"Infrastructure, PPP & Special Programs",International Relations,Output,Percentage (%),Annual,PP1,SG2,BO1,P2,P2.10,Internal FMLD
PPOI-2.10.3,Nigeria's WOAH performance pathway (PVS) score,Pillar Program Output Indicators,"Infrastructure, PPP & Special Programs",International Relations,Output,Score (1-5),Every 3 years,PP1,SG2,BO1,P2,P2.10,Internal FMLD
PPOI-3.1.1,Volume of certified pasture seeds produced,Pillar Program Output Indicators,Ranch & Pastoral Resources,Seed Production Unit,Output,Metric Tonnes,Annual,PP1,SG3,BO1,P3,P3.1,Internal FMLD
PPOI-3.1.2,Number of pasture seed varieties certified,Pillar Program Output Indicators,Ranch & Pastoral Resources,Seed Certification Unit,Output,Number,Annual,PP1,SG3,BO1,P3,P3.1,Internal FMLD
PPOI-3.1.3,Number of seed producers trained and certified,Pillar Program Output Indicators,Common Services Departments,Training Unit,Output,Number,Annual,PP1,SG3,BO1,P3,P3.1,Internal FMLD
PPOI-3.1.4,Number of enforcement activities (seed quality control),Pillar Program Output Indicators,Quality Assurance & Certification,Regulatory Enforcement,Output,Number,Quarterly,PP1,SG3,BO1,P3,P3.1,Internal FMLD
PPOI-3.2.1,Number of states with designated pasture lands,Pillar Program Output Indicators,Ranch & Pastoral Resources,Land Allocation Unit,Output,Number,Annual,PP3,SG6,BO4,P3,P3.2,Internal FMLD
PPOI-3.2.2,Size of allocated pasture lands (hectares),Pillar Program Output Indicators,Ranch & Pastoral Resources,Land Allocation Unit,Output,Hectares,Annual,PP3,SG6,BO4,P3,P3.2,Internal FMLD
PPOI-3.3.1,Creation of national feed budget model,Pillar Program Output Indicators,Ranch & Pastoral Resources,Feed Planning Unit,Output,Binary (Y/N),One-time,PP1,SG3,BO1,P3,P3.3,Internal FMLD
PPOI-3.3.2,Annual feed budget forecast issuance,Pillar Program Output Indicators,Ranch & Pastoral Resources,Feed Planning Unit,Output,Binary (Y/N),Annual,PP1,SG3,BO1,P3,P3.3,Internal FMLD
PPOI-3.3.3,Number of national workshops on feed budgeting,Pillar Program Output Indicators,Common Services Departments,Training Unit,Output,Number,Annual,PP1,SG3,BO1,P3,P3.3,Internal FMLD
PPOI-3.4.1,Percentage increase in pasture and feed production,Pillar Program Output Indicators,Ranch & Pastoral Resources,Pasture Production Unit,Output,Percentage (%),Annual,PP1,SG3,BO1,P3,P3.4,Internal FMLD
PPOI-3.4.2,Number of year-round pasture farmers trained,Pillar Program Output Indicators,Common Services Departments,Training Unit,Output,Number,Quarterly,PP1,SG3,BO1,P3,P3.4,Internal FMLD
PPOI-3.4.3,Percentage of annual pasture and fodder available year-round,Pillar Program Output Indicators,Ranch & Pastoral Resources,Feed Planning Unit,Output,Percentage (%),Quarterly,PP1,SG3,BO1,P3,P3.4,Internal FMLD
PPOI-3.4.4,Number of hectares under wetland/irrigation feed crop production,Pillar Program Output Indicators,Ranch & Pastoral Resources,Irrigation Unit,Output,Hectares,Annual,PP1,SG3,BO1,P3,P3.4,Internal FMLD
PPOI-3.5.1,Number of alternative feed ingredients mapped and analyzed,Pillar Program Output Indicators,Ranch & Pastoral Resources,Feed Innovation Unit,Output,Number,Annual,PP1,SG3,BO1,P3,P3.5,Internal FMLD
PPOI-3.5.2,Completion of national feed mill survey,Pillar Program Output Indicators,Ranch & Pastoral Resources,Feed Planning Unit,Output,Binary (Y/N),One-time,PP1,SG3,BO1,P3,P3.5,Internal FMLD
PPOI-3.5.3,Number of feed mills mapped,Pillar Program Output Indicators,Ranch & Pastoral Resources,Feed Planning Unit,Output,Number,Annual,PP1,SG3,BO1,P3,P3.5,Internal FMLD
PPOI-3.5.4,Number of feed ingredient manufacturers identified,Pillar Program Output Indicators,Ranch & Pastoral Resources,Feed Planning Unit,Output,Number,Annual,PP1,SG3,BO1,P3,P3.5,Internal FMLD
PPOI-3.6.1,Number of grazing reserves cultivated and seeded,Pillar Program Output Indicators,Ranch & Pastoral Resources,Grazing Reserves Management,Output,Number,Annual,PP1,SG3,BO1,P3,P3.6,Internal FMLD
PPOI-3.6.2,Number of pastoralists trained (pasture management),Pillar Program Output Indicators,Common Services Departments,Training Unit,Output,Number,Quarterly,PP1,SG3,BO1,P3,P3.6,Internal FMLD
PPOI-3.6.3,Number of water facilities built in grazing reserves,Pillar Program Output Indicators,Ranch & Pastoral Resources,Water Infrastructure Unit,Output,Number,Annual,PP1,SG3,BO1,P3,P3.6,Internal FMLD
PPOI-3.6.4,Number of access roads constructed in grazing reserves,Pillar Program Output Indicators,"Infrastructure, PPP & Special Programs",Infrastructure Department,Output,Kilometers,Annual,PP1,SG3,BO1,P3,P3.6,Internal FMLD
PPOI-3.7.1,Number of youth and women trained in conservation enterprises,Pillar Program Output Indicators,Common Services Departments,Training Unit,Output,Number,Quarterly,PP1,SG3,BO1,P3,P3.7,Internal FMLD
PPOI-3.7.2,Number of persons capacitated (business support provided),Pillar Program Output Indicators,Common Services Departments,Business Support Unit,Output,Number,Quarterly,PP1,SG3,BO1,P3,P3.7,Internal FMLD
PPOI-3.7.3,Number of persons integrated into livestock distribution program,Pillar Program Output Indicators,"Infrastructure, PPP & Special Programs",Distribution Unit,Output,Number,Quarterly,PP1,SG3,BO1,P3,P3.7,Internal FMLD
PPOI-3.8.1,Number of grazing reserve managers trained,Pillar Program Output Indicators,Common Services Departments,Training Unit,Output,Number,Annual,PP1,SG3,BO1,P3,P3.8,Internal FMLD
PPOI-3.8.2,Number of reserve managers actively deployed,Pillar Program Output Indicators,Common Services Departments,Human Resources,Output,Number,Quarterly,PP1,SG3,BO1,P3,P3.8,Internal FMLD
PPOI-4.1.1,Number of new or rehabilitated water points,Pillar Program Output Indicators,Ranch & Pastoral Resources,Water Infrastructure Unit,Output,Number,Annual,PP1,SG3,BO1,P4,P4.1,Internal FMLD
PPOI-4.1.2,Number of boreholes constructed/rehabilitated,Pillar Program Output Indicators,Ranch & Pastoral Resources,Water Infrastructure Unit,Output,Number,Annual,PP1,SG3,BO1,P4,P4.1,Internal FMLD
PPOI-4.1.3,Number of dams constructed near stock routes,Pillar Program Output Indicators,Ranch & Pastoral Resources,Water Infrastructure Unit,Output,Number,Annual,PP1,SG3,BO1,P4,P4.1,Internal FMLD
PPOI-4.1.4,Number of water harvesting systems installed,Pillar Program Output Indicators,Ranch & Pastoral Resources,Water Infrastructure Unit,Output,Number,Annual,PP1,SG3,BO1,P4,P4.1,Internal FMLD
PPOI-4.1.5,Number of solar-powered water supply systems,Pillar Program Output Indicators,"Infrastructure, PPP & Special Programs",Energy Unit,Output,Number,Annual,PP1,SG3,BO1,P4,P4.1,Internal FMLD
PPOI-4.2.1,Percentage of pastoralists trained in water conservation,Pillar Program Output Indicators,Common Services Departments,Training Unit,Output,Percentage (%),Annual,PP1,SG3,BO1,P4,P4.2,Internal FMLD
PPOI-4.2.2,Percentage of Water User Associations (WUAs) functional,Pillar Program Output Indicators,Ranch & Pastoral Resources,Water Management Unit,Output,Percentage (%),Quarterly,PP1,SG3,BO1,P4,P4.2,Internal FMLD
PPOI-4.2.3,Number of Water User Associations established,Pillar Program Output Indicators,Ranch & Pastoral Resources,Water Management Unit,Output,Number,Annual,PP1,SG3,BO1,P4,P4.2,Internal FMLD
PPOI-4.2.4,Percentage adoption of rotational grazing systems,Pillar Program Output Indicators,Ranch & Pastoral Resources,Grazing Management Unit,Output,Percentage (%),Annual,PP1,SG3,BO1,P4,P4.2,Internal FMLD
PPOI-4.3.1,Percentage reduction in farmer-herder conflicts related to water,Pillar Program Output Indicators,"Infrastructure, PPP & Special Programs",Peace Building Unit,Output,Percentage (%) Reduction,Quarterly,PP3,SG6,BO4,P4,P4.3,Internal FMLD
PPOI-4.3.2,Number of livestock watering points mapped and secured,Pillar Program Output Indicators,Ranch & Pastoral Resources,Water Infrastructure Unit,Output,Number,Annual,PP3,SG6,BO4,P4,P4.3,Internal FMLD
PPOI-4.3.3,Number of joint water access agreements signed,Pillar Program Output Indicators,"Infrastructure, PPP & Special Programs",Peace Building Unit,Output,Number,Annual,PP3,SG6,BO4,P4,P4.3,Internal FMLD
PPOI-4.4.1,Percentage adoption of water recycling systems,Pillar Program Output Indicators,Ranch & Pastoral Resources,Water Management Unit,Output,Percentage (%),Annual,PP1,SG3,BO1,P4,P4.4,Internal FMLD
PPOI-4.4.2,Percentage adoption of efficient irrigation for fodder,Pillar Program Output Indicators,Ranch & Pastoral Resources,Irrigation Unit,Output,Percentage (%),Annual,PP1,SG3,BO1,P4,P4.4,Internal FMLD
PPOI-4.4.3,Number of climate-resilient water systems implemented,Pillar Program Output Indicators,Veterinary Public Health & Epidemiology,Climate Adaptation Unit,Output,Number,Annual,PP1,SG3,BO1,P4,P4.4,Internal FMLD
PPOI-4.4.4,Number of solar-powered boreholes and irrigation systems,Pillar Program Output Indicators,"Infrastructure, PPP & Special Programs",Energy Unit,Output,Number,Annual,PP1,SG3,BO1,P4,P4.4,Internal FMLD
PPOI-4.4.5,Establishment of early warning systems for drought/water shortages,Pillar Program Output Indicators,Veterinary Public Health & Epidemiology,Early Warning Unit,Output,Binary (Y/N),One-time,PP1,SG3,BO1,P4,P4.4,Internal FMLD
PPOI-4.5.1,Policies and legal frameworks developed,Pillar Program Output Indicators,Common Services Departments,Policy Unit,Output,Number,Annual,PP4,SG7,BO7,P4,P4.5,Internal FMLD
PPOI-4.5.2,National and State level legislations established,Pillar Program Output Indicators,Permanent Secretary's Office,Legal Unit,Output,Number,Annual,PP4,SG7,BO7,P4,P4.5,Internal FMLD
PPOI-4.5.3,Percentage increase in inter-ministerial coordination,Pillar Program Output Indicators,Common Services Departments,Coordination Unit,Output,Percentage (%),Annual,PP4,SG7,BO7,P4,P4.5,Internal FMLD
PPOI-4.5.4,Percentage research output on livestock water needs,Pillar Program Output Indicators,Permanent Secretary's Office,Research Unit,Output,Percentage (%),Annual,PP4,SG7,BO7,P4,P4.5,Internal FMLD
PPOI-5.1.1,Number of financial products launched,Pillar Program Output Indicators,Common Services Departments,Finance & Credit Department,Output,Number,Annual,PP2,SG5,BO2,P5,P5.1,Internal FMLD
PPOI-5.1.2,Percentage of farmers using financial services,Pillar Program Output Indicators,Common Services Departments,Finance & Credit Department,Output,Percentage (%),Annual,PP2,SG5,BO2,P5,P5.1,Internal FMLD
PPOI-5.2.1,Percentage reduction in farmer financial losses,Pillar Program Output Indicators,Common Services Departments,Insurance Unit,Output,Percentage (%) Reduction,Annual,PP2,SG5,BO2,P5,P5.2,Internal FMLD
PPOI-5.2.2,Percentage increase in farmer income,Pillar Program Output Indicators,Common Services Departments,Finance & Credit Department,Output,Percentage (%),Annual,PP2,SG5,BO2,P5,P5.2,Internal FMLD
PPOI-5.3.1,Percentage of farmers linked to value-added markets,Pillar Program Output Indicators,Livestock Extension & Business Development,Market Linkages Unit,Output,Percentage (%),Annual,PP2,SG4,BO3,P5,P5.3,Internal FMLD
PPOI-5.3.2,Percentage certification compliance achieved,Pillar Program Output Indicators,Quality Assurance & Certification,Quality Assurance Unit,Output,Percentage (%),Annual,PP2,SG4,BO3,P5,P5.3,Internal FMLD
PPOI-5.3.3,Percentage annual export growth (livestock products),Pillar Program Output Indicators,Livestock Extension & Business Development,Export Promotion Unit,Output,Percentage (%),Annual,PP2,SG4,BO3,P5,P5.3,Internal FMLD
PPOI-5.3.4,Forex earnings from livestock exports,Pillar Program Output Indicators,Livestock Extension & Business Development,Export Statistics Unit,Output,USD (Million),Annual,PP2,SG4,BO3,P5,P5.3,Internal FMLD
PPOI-5.4.1,Number of facilities developed (markets abattoirs processing),Pillar Program Output Indicators,"Infrastructure, PPP & Special Programs",Infrastructure Finance Unit,Output,Number,Annual,PP2,SG5,BO2,P5,P5.4,Internal FMLD
PPOI-5.4.2,Number of farmers trained in value chain activities,Pillar Program Output Indicators,Common Services Departments,Training Unit,Output,Number,Quarterly,PP2,SG5,BO2,P5,P5.4,Internal FMLD
PPOI-5.4.3,Number of livestock zones established within SAPZ,Pillar Program Output Indicators,"Infrastructure, PPP & Special Programs",SAPZ Coordination Unit,Output,Number,Annual,PP2,SG5,BO2,P5,P5.4,Internal FMLD
PPOI-5.5.1,Total loan volume disbursed,Pillar Program Output Indicators,Common Services Departments,Credit Scheme Unit,Output,Naira (Billion),Quarterly,PP2,SG5,BO2,P5,P5.5,Internal FMLD
PPOI-5.5.2,Number of farmers in livestock credit system,Pillar Program Output Indicators,Common Services Departments,Credit Scheme Unit,Output,Number,Quarterly,PP2,SG5,BO2,P5,P5.5,Internal FMLD
PPOI-5.5.3,Percentage loan repayment rate,Pillar Program Output Indicators,Common Services Departments,Credit Scheme Unit,Output,Percentage (%),Quarterly,PP2,SG5,BO2,P5,P5.5,Internal FMLD
PPOI-5.5.4,Number of specialty financing initiatives funded,Pillar Program Output Indicators,Common Services Departments,Finance & Credit Department,Output,Number,Annual,PP2,SG5,BO2,P5,P5.5,Internal FMLD
PPOI-5.6.1,Number of farmers insured,Pillar Program Output Indicators,Common Services Departments,Insurance Unit,Output,Number,Quarterly,PP2,SG5,BO2,P5,P5.6,Internal FMLD
PPOI-5.6.2,Insurance coverage value (Naira and animals covered),Pillar Program Output Indicators,Common Services Departments,Insurance Unit,Output,Naira (Billion) / Number,Quarterly,PP2,SG5,BO2,P5,P5.6,Internal FMLD
PPOI-5.6.3,Claims settlement rate (% of legitimate claims paid),Pillar Program Output Indicators,Common Services Departments,Insurance Unit,Output,Percentage (%),Quarterly,PP2,SG5,BO2,P5,P5.6,Internal FMLD
PPOI-5.6.4,Number of insurance products available,Pillar Program Output Indicators,Common Services Departments,Insurance Unit,Output,Number,Annual,PP2,SG5,BO2,P5,P5.6,Internal FMLD
PPOI-5.7.1,Number of farmers trained on accessing finance/insurance,Pillar Program Output Indicators,Common Services Departments,Training Unit,Output,Number,Quarterly,PP2,SG5,BO2,P5,P5.7,Internal FMLD
PPOI-5.7.2,Number of regional training programs conducted,Pillar Program Output Indicators,Common Services Departments,Training Unit,Output,Number,Quarterly,PP2,SG5,BO2,P5,P5.7,Internal FMLD
PPOI-5.8.1,Number of aggregation centers operational,Pillar Program Output Indicators,Livestock Extension & Business Development,Market Systems Unit,Output,Number,Quarterly,PP2,SG4,BO3,P5,P5.8,Internal FMLD
PPOI-5.8.2,Digital platform usage statistics (active users),Pillar Program Output Indicators,Common Services Departments,ICT Department,Output,Number,Monthly,PP2,SG4,BO3,P5,P5.8,Internal FMLD
PPOI-5.8.3,Number of livestock sales transactions through digital platform,Pillar Program Output Indicators,Common Services Departments,ICT Department,Output,Number,Monthly,PP2,SG4,BO3,P5,P5.8,Internal FMLD
PPOI-5.8.4,Percentage platform usage data (transaction volume share),Pillar Program Output Indicators,Livestock Extension & Business Development,Market Systems Unit,Output,Percentage (%),Quarterly,PP2,SG4,BO3,P5,P5.8,Internal FMLD
PPOI-5.9.1,Livestock lending as % of total agricultural loans,Pillar Program Output Indicators,Common Services Departments,Finance & Credit Department,Output,Percentage (%),Annual,PP2,SG5,BO2,P5,P5.9,Internal FMLD
PPOI-5.9.2,Number of commercial banks actively lending to livestock,Pillar Program Output Indicators,Common Services Departments,Finance & Credit Department,Output,Number,Annual,PP2,SG5,BO2,P5,P5.9,Internal FMLD
PPOI-5.9.3,Total livestock sector financing (public + private),Pillar Program Output Indicators,Common Services Departments,Finance & Credit Department,Output,Naira (Billion),Annual,PP2,SG5,BO2,P5,P5.9,Internal FMLD
PPOI-5.10.1,Livestock export growth trajectory,Pillar Program Output Indicators,Livestock Extension & Business Development,Market Development Unit,Output,Percentage (%) Growth,Annual,PP2,SG4,BO3,P5,P5.10,Internal FMLD
PPOI-5.10.2,Number of financing initiatives for market activities,Pillar Program Output Indicators,Livestock Extension & Business Development,Market Development Unit,Output,Number,Annual,PP2,SG4,BO3,P5,P5.10,Internal FMLD
PPOI-5.11.1,Number of direct jobs created,Pillar Program Output Indicators,"Infrastructure, PPP & Special Programs",Livelihood Unit,Output,Number,Annual,PP2,SG5,BO2,P5,P5.11,Internal FMLD
PPOI-5.11.2,Number of indirect jobs created,Pillar Program Output Indicators,"Infrastructure, PPP & Special Programs",Livelihood Unit,Output,Number,Annual,PP2,SG5,BO2,P5,P5.11,Internal FMLD
PPOI-5.11.3,Percentage reduction in rural poverty,Pillar Program Output Indicators,"Infrastructure, PPP & Special Programs",Livelihood Unit,Output,Percentage (%) Reduction,Annual,PP2,SG5,BO2,P5,P5.11,Internal FMLD
PPOI-5.12.1,Number of ministerial committee meetings held,Pillar Program Output Indicators,"Infrastructure, PPP & Special Programs",PPP Unit,Output,Number,Quarterly,PP2,SG5,BO2,P5,P5.12,Internal FMLD
PPOI-5.12.2,Number of livestock ministerial investment conferences,Pillar Program Output Indicators,Common Services Departments,Investment Mobilization,Output,Number,Annual,PP2,SG5,BO2,P5,P5.12,Internal FMLD
PPOI-5.12.3,Number of firms in Livestock Business Group,Pillar Program Output Indicators,"Infrastructure, PPP & Special Programs",Private Sector Unit,Output,Number,Quarterly,PP2,SG5,BO2,P5,P5.12,Internal FMLD
PPOI-5.12.4,Number of Letters of Intent (LOIs) secured from investors,Pillar Program Output Indicators,Common Services Departments,Investment Mobilization,Output,Number,Annual,PP2,SG5,BO2,P5,P5.12,Internal FMLD
PPOI-6.1.1,Number of agencies supported to improve conflict management,Pillar Program Output Indicators,"Infrastructure, PPP & Special Programs",Peace Building Unit,Output,Number,Annual,PP3,SG6,BO4,P6,P6.1,Internal FMLD
PPOI-6.1.2,Number of parties trained in mediation/ADR/grievance management,Pillar Program Output Indicators,Common Services Departments,Training Unit,Output,Number,Quarterly,PP3,SG6,BO4,P6,P6.1,Internal FMLD
PPOI-6.1.3,Number of SOPs developed,Pillar Program Output Indicators,Quality Assurance & Certification,Standards Unit,Output,Number,Annual,PP3,SG6,BO4,P6,P6.1,Internal FMLD
PPOI-6.1.4,Percentage SOP utilization in conflict resolution,Pillar Program Output Indicators,"Infrastructure, PPP & Special Programs",Peace Building Unit,Output,Percentage (%),Quarterly,PP3,SG6,BO4,P6,P6.1,Internal FMLD
PPOI-6.1.5,Percentage of conflicts resolved within 90 days,Pillar Program Output Indicators,"Infrastructure, PPP & Special Programs",Peace Building Unit,Output,Percentage (%),Quarterly,PP3,SG6,BO4,P6,P6.1,Internal FMLD
PPOI-6.1.6,Number of conflicts prevented/neutralized through rapid intervention,Pillar Program Output Indicators,Veterinary Public Health & Epidemiology,Early Warning Unit,Output,Number,Quarterly,PP3,SG6,BO4,P6,P6.1,Internal FMLD
PPOI-6.2.1,Percentage of state/LGA institutions with improved funding,Pillar Program Output Indicators,"Infrastructure, PPP & Special Programs",Mediation Support Unit,Output,Percentage (%),Annual,PP3,SG6,BO4,P6,P6.2,Internal FMLD
PPOI-6.3.1,Number of public sector and traditional leaders trained,Pillar Program Output Indicators,Common Services Departments,Training Unit,Output,Number,Quarterly,PP3,SG6,BO4,P6,P6.3,Internal FMLD
PPOI-6.3.2,Number of farmer and pastoral organization leaders trained,Pillar Program Output Indicators,Common Services Departments,Training Unit,Output,Number,Quarterly,PP3,SG6,BO4,P6,P6.3,Internal FMLD
PPOI-6.3.3,Percentage of trained leaders actively engaged in peacebuilding,Pillar Program Output Indicators,"Infrastructure, PPP & Special Programs",Peace Building Unit,Output,Percentage (%),Quarterly,PP3,SG6,BO4,P6,P6.3,Internal FMLD
PPOI-6.4.1,Number of media organizations and social influencers engaged,Pillar Program Output Indicators,"Infrastructure, PPP & Special Programs",Communications Unit,Output,Number,Annual,PP3,SG6,BO4,P6,P6.4,Internal FMLD
PPOI-6.4.2,Number of media practitioners trained in conflict-sensitive reporting,Pillar Program Output Indicators,Common Services Departments,Training Unit,Output,Number,Quarterly,PP3,SG6,BO4,P6,P6.4,Internal FMLD
PPOI-6.4.3,Percentage of media practitioners practicing conflict-sensitive reporting,Pillar Program Output Indicators,"Infrastructure, PPP & Special Programs",Communications Unit,Output,Percentage (%),Quarterly,PP3,SG6,BO4,P6,P6.4,Internal FMLD
PPOI-6.4.4,Percentage of media promoting peaceful coexistence,Pillar Program Output Indicators,"Infrastructure, PPP & Special Programs",Communications Unit,Output,Percentage (%),Quarterly,PP3,SG6,BO4,P6,P6.4,Internal FMLD
PPOI-6.5.1,Guidelines and procedures for transhumance migration developed,Pillar Program Output Indicators,"Infrastructure, PPP & Special Programs",Migration Management Unit,Output,Binary (Y/N),One-time,PP3,SG6,BO4,P6,P6.5,Internal FMLD
PPOI-6.5.2,Number of states with improved coordination of transhumance,Pillar Program Output Indicators,"Infrastructure, PPP & Special Programs",Migration Management Unit,Output,Number,Annual,PP3,SG6,BO4,P6,P6.5,Internal FMLD
PPOI-6.5.3,Number of community leaders trained in migration management,Pillar Program Output Indicators,Common Services Departments,Training Unit,Output,Number,Quarterly,PP3,SG6,BO4,P6,P6.5,Internal FMLD
PPOI-6.5.4,Number of inter-state migration agreements signed,Pillar Program Output Indicators,"Infrastructure, PPP & Special Programs",Migration Management Unit,Output,Number,Annual,PP3,SG6,BO4,P6,P6.5,Internal FMLD
PPOI-6.5.5,ECOWAS transhumance protocol review initiated,Pillar Program Output Indicators,"Infrastructure, PPP & Special Programs",International Relations,Output,Binary (Y/N),One-time,PP3,SG6,BO4,P6,P6.5,Internal FMLD
PPOI-6.5.6,Framework agreement for ECOWAS protocol implementation,Pillar Program Output Indicators,"Infrastructure, PPP & Special Programs",International Relations,Output,Binary (Y/N),One-time,PP3,SG6,BO4,P6,P6.5,Internal FMLD
PPOI-6.6.1,Livestock Ranger Unit established and operational,Pillar Program Output Indicators,"Infrastructure, PPP & Special Programs",Livestock Rangers Unit,Output,Binary (Y/N),One-time,PP3,SG6,BO4,P6,P6.6,Internal FMLD
PPOI-6.6.2,Number of livestock rangers recruited and equipped,Pillar Program Output Indicators,"Infrastructure, PPP & Special Programs",Livestock Rangers Unit,Output,Number,Annual,PP3,SG6,BO4,P6,P6.6,Internal FMLD
PPOI-6.6.3,Percentage of ranger recruitment and equipping target,Pillar Program Output Indicators,"Infrastructure, PPP & Special Programs",Livestock Rangers Unit,Output,Percentage (%),Quarterly,PP3,SG6,BO4,P6,P6.6,Internal FMLD
PPOI-6.6.4,Conflict/insecurity hotspot mapping completed,Pillar Program Output Indicators,"Infrastructure, PPP & Special Programs",Security Analysis Unit,Output,Binary (Y/N),One-time,PP3,SG6,BO4,P6,P6.6,Internal FMLD
PPOI-6.6.5,Number of ranger deployment operations conducted,Pillar Program Output Indicators,"Infrastructure, PPP & Special Programs",Livestock Rangers Unit,Output,Number,Monthly,PP3,SG6,BO4,P6,P6.6,Internal FMLD
PPOI-6.6.6,Number of security awareness activities among communities,Pillar Program Output Indicators,"Infrastructure, PPP & Special Programs",Community Security Unit,Output,Number,Quarterly,PP3,SG6,BO4,P6,P6.6,Internal FMLD
PPOI-6.6.7,Percentage community support for Livestock Ranger services,Pillar Program Output Indicators,Permanent Secretary's Office,M&E Unit,Output,Percentage (%),Annual,PP3,SG6,BO4,P6,P6.6,Internal FMLD
PPOI-7.1.1,Baseline facility inventory completed,Pillar Program Output Indicators,"Infrastructure, PPP & Special Programs",Infrastructure Department,Output,Binary (Y/N),One-time,PP2,SG4,BO2,P7,P7.1,Internal FMLD
PPOI-7.1.2,Design prototypes for production facilities completed,Pillar Program Output Indicators,"Infrastructure, PPP & Special Programs",Infrastructure Department,Output,Number,Annual,PP2,SG4,BO2,P7,P7.1,Internal FMLD
PPOI-7.1.3,Number of livestock production facilities constructed,Pillar Program Output Indicators,"Infrastructure, PPP & Special Programs",Infrastructure Department,Output,Number,Annual,PP2,SG4,BO2,P7,P7.1,Internal FMLD
PPOI-7.1.4,Number of herders settled in new facilities,Pillar Program Output Indicators,Ranch & Pastoral Resources,Settlement Unit,Output,Number,Annual,PP2,SG4,BO2,P7,P7.1,Internal FMLD
PPOI-7.1.5,Percentage of facility utilization (product marketing economic activity),Pillar Program Output Indicators,"Infrastructure, PPP & Special Programs",Infrastructure Management,Output,Percentage (%),Quarterly,PP2,SG4,BO2,P7,P7.1,Internal FMLD
PPOI-7.2.1,Number of veterinary clinics constructed/equipped,Pillar Program Output Indicators,"Infrastructure, PPP & Special Programs",Veterinary Infrastructure,Output,Number,Annual,PP2,SG4,BO2,P7,P7.2,Internal FMLD
PPOI-7.2.2,Number of private partners managing concessioned clinics,Pillar Program Output Indicators,"Infrastructure, PPP & Special Programs",PPP Unit,Output,Number,Annual,PP2,SG4,BO2,P7,P7.2,Internal FMLD
PPOI-7.2.3,Number of farmers using clinic services,Pillar Program Output Indicators,"Infrastructure, PPP & Special Programs",Service Delivery Unit,Output,Number,Monthly,PP2,SG4,BO2,P7,P7.2,Internal FMLD
PPOI-7.2.4,Number of laboratories upgraded (NVRI Regional Sentinel Teaching),Pillar Program Output Indicators,Animal Health & Reproductive Services,Laboratory Services,Output,Number,Annual,PP2,SG4,BO2,P7,P7.2,Internal FMLD
PPOI-7.2.5,Number of laboratory samples processed annually,Pillar Program Output Indicators,Animal Health & Reproductive Services,Laboratory Services,Output,Number,Annual,PP2,SG4,BO2,P7,P7.2,Internal FMLD
PPOI-7.2.6,Number of private animal health service providers supported,Pillar Program Output Indicators,"Infrastructure, PPP & Special Programs",Private Sector Unit,Output,Number,Annual,PP2,SG4,BO2,P7,P7.2,Internal FMLD
PPOI-7.3.1,Number of abattoirs upgraded with meat haulage vehicles,Pillar Program Output Indicators,"Infrastructure, PPP & Special Programs",Infrastructure Department,Output,Number,Annual,PP2,SG4,BO2,P7,P7.3,Internal FMLD
PPOI-7.3.2,Number of silos and storage facilities constructed,Pillar Program Output Indicators,"Infrastructure, PPP & Special Programs",Infrastructure Department,Output,Number,Annual,PP2,SG4,BO2,P7,P7.3,Internal FMLD
PPOI-7.3.3,Number of demonstration farms with irrigation systems,Pillar Program Output Indicators,"Infrastructure, PPP & Special Programs",Infrastructure Department,Output,Number,Annual,PP2,SG4,BO2,P7,P7.3,Internal FMLD
PPOI-7.3.4,Number of grazing reserves equipped with modern infrastructure,Pillar Program Output Indicators,Ranch & Pastoral Resources,Grazing Reserves Management,Output,Number,Annual,PP2,SG4,BO2,P7,P7.3,Internal FMLD
PPOI-7.3.5,Number of new business ventures established on reserves,Pillar Program Output Indicators,Livestock Extension & Business Development,Business Development Unit,Output,Number,Annual,PP2,SG4,BO2,P7,P7.3,Internal FMLD
PPOI-7.4.1,Number of centralized livestock service centers established,Pillar Program Output Indicators,"Infrastructure, PPP & Special Programs",Service Centers Unit,Output,Number,Annual,PP2,SG4,BO2,P7,P7.4,Internal FMLD
PPOI-7.4.2,Number of satellite rural centers (sub-centers),Pillar Program Output Indicators,"Infrastructure, PPP & Special Programs",Service Centers Unit,Output,Number,Annual,PP2,SG4,BO2,P7,P7.4,Internal FMLD
PPOI-7.4.3,Number of service centers fully operational and staffed,Pillar Program Output Indicators,"Infrastructure, PPP & Special Programs",Service Centers Unit,Output,Number,Quarterly,PP2,SG4,BO2,P7,P7.4,Internal FMLD
PPOI-7.4.4,Usage data (number of animals treated/diagnosed/marketed),Pillar Program Output Indicators,"Infrastructure, PPP & Special Programs",Service Delivery Unit,Output,Number,Monthly,PP2,SG4,BO2,P7,P7.4,Internal FMLD
PPOI-7.5.1,Number of temperature-controlled vehicles deployed,Pillar Program Output Indicators,"Infrastructure, PPP & Special Programs",Logistics Unit,Output,Number,Annual,PP2,SG4,BO2,P7,P7.5,Internal FMLD
PPOI-7.5.2,Percentage reduction in post-harvest losses (perishables),Pillar Program Output Indicators,"Infrastructure, PPP & Special Programs",Logistics Unit,Output,Percentage (%) Reduction,Annual,PP2,SG4,BO2,P7,P7.5,Internal FMLD
PPOI-7.5.3,Number of livestock trailers and wagons for feed transport,Pillar Program Output Indicators,"Infrastructure, PPP & Special Programs",Logistics Unit,Output,Number,Annual,PP2,SG4,BO2,P7,P7.5,Internal FMLD
PPOI-7.5.4,Number of designated livestock loading/unloading hubs,Pillar Program Output Indicators,"Infrastructure, PPP & Special Programs",Logistics Unit,Output,Number,Annual,PP2,SG4,BO2,P7,P7.5,Internal FMLD
PPOI-7.5.5,Number of vehicles operational and in use,Pillar Program Output Indicators,"Infrastructure, PPP & Special Programs",Logistics Unit,Output,Number,Monthly,PP2,SG4,BO2,P7,P7.5,Internal FMLD
PPOI-7.6.1,Number of regional processing facility clusters established,Pillar Program Output Indicators,"Infrastructure, PPP & Special Programs",Processing Infrastructure,Output,Number,Annual,PP2,SG4,BO2,P7,P7.6,Internal FMLD
PPOI-7.6.2,Number of modern meat processing facilities operational,Pillar Program Output Indicators,"Infrastructure, PPP & Special Programs",Processing Infrastructure,Output,Number,Quarterly,PP2,SG4,BO2,P7,P7.6,Internal FMLD
PPOI-7.6.3,Number of new private investments in processing sector,Pillar Program Output Indicators,"Infrastructure, PPP & Special Programs",PPP Unit,Output,Number,Annual,PP2,SG4,BO2,P7,P7.6,Internal FMLD
PPOI-7.6.4,Number of processing facilities meeting international standards,Pillar Program Output Indicators,Quality Assurance & Certification,Quality Assurance Unit,Output,Number,Annual,PP2,SG4,BO2,P7,P7.6,Internal FMLD
PPOI-7.6.5,Tax holiday incentive uptake rate,Pillar Program Output Indicators,Common Services Departments,Finance & Credit Department,Output,Percentage (%),Annual,PP2,SG4,BO2,P7,P7.6,Internal FMLD
PPOI-7.7.1,Number of renewable energy pilot projects,Pillar Program Output Indicators,"Infrastructure, PPP & Special Programs",Energy Unit,Output,Number,Annual,PP2,SG4,BO2,P7,P7.7,Internal FMLD
PPOI-7.7.2,Number of solar-powered water pumps/systems,Pillar Program Output Indicators,"Infrastructure, PPP & Special Programs",Energy Unit,Output,Number,Annual,PP2,SG4,BO2,P7,P7.7,Internal FMLD
PPOI-7.7.3,Number of biogas digesters constructed,Pillar Program Output Indicators,"Infrastructure, PPP & Special Programs",Energy Unit,Output,Number,Annual,PP2,SG4,BO2,P7,P7.7,Internal FMLD
PPOI-7.7.4,Number of farms adopting renewable energy,Pillar Program Output Indicators,"Infrastructure, PPP & Special Programs",Energy Unit,Output,Number,Annual,PP2,SG4,BO2,P7,P7.7,Internal FMLD
PPOI-7.7.5,Percentage of farms using green energy,Pillar Program Output Indicators,"Infrastructure, PPP & Special Programs",Energy Unit,Output,Percentage (%),Annual,PP2,SG4,BO2,P7,P7.7,Internal FMLD
PPOI-7.7.6,Percentage reduction in operational energy costs,Pillar Program Output Indicators,"Infrastructure, PPP & Special Programs",Energy Unit,Output,Percentage (%) Reduction,Annual,PP2,SG4,BO2,P7,P7.7,Internal FMLD
PPOI-7.8.1,Number of kilometers of all-weather roads constructed/rehabilitated,Pillar Program Output Indicators,"Infrastructure, PPP & Special Programs",Roads & Drainage Unit,Output,Kilometers,Annual,PP2,SG4,BO2,P7,P7.8,Internal FMLD
PPOI-7.8.2,Number of all-weather roads with erosion control/safeguards,Pillar Program Output Indicators,"Infrastructure, PPP & Special Programs",Roads & Drainage Unit,Output,Number,Annual,PP2,SG4,BO2,P7,P7.8,Internal FMLD
PPOI-7.8.3,Number of LGA-level last-mile road connectivity projects,Pillar Program Output Indicators,"Infrastructure, PPP & Special Programs",Roads & Drainage Unit,Output,Number,Annual,PP2,SG4,BO2,P7,P7.8,Internal FMLD
PPOI-7.8.4,Volume of goods transported on improved roads,Pillar Program Output Indicators,"Infrastructure, PPP & Special Programs",Logistics Unit,Output,Metric Tonnes,Annual,PP2,SG4,BO2,P7,P7.8,Internal FMLD
PPOI-7.8.5,Percentage reduction in transport time to markets,Pillar Program Output Indicators,"Infrastructure, PPP & Special Programs",Logistics Unit,Output,Percentage (%) Reduction,Annual,PP2,SG4,BO2,P7,P7.8,Internal FMLD
PPOI-7.9.1,Number of waste collection systems established,Pillar Program Output Indicators,"Infrastructure, PPP & Special Programs",Waste Management Unit,Output,Number,Annual,PP2,SG4,BO2,P7,P7.9,Internal FMLD
PPOI-7.9.2,Number of large-scale organic fertilizer production facilities,Pillar Program Output Indicators,"Infrastructure, PPP & Special Programs",Waste Management Unit,Output,Number,Annual,PP2,SG4,BO2,P7,P7.9,Internal FMLD
PPOI-7.9.3,Number of biogas production facilities,Pillar Program Output Indicators,"Infrastructure, PPP & Special Programs",Waste Management Unit,Output,Number,Annual,PP2,SG4,BO2,P7,P7.9,Internal FMLD
PPOI-7.9.4,Tons of animal waste processed annually,Pillar Program Output Indicators,"Infrastructure, PPP & Special Programs",Waste Management Unit,Output,Metric Tonnes,Annual,PP2,SG4,BO2,P7,P7.9,Internal FMLD
PPOI-7.9.5,Number of beneficiary farmers/communities reached,Pillar Program Output Indicators,"Infrastructure, PPP & Special Programs",Waste Management Unit,Output,Number,Annual,PP2,SG4,BO2,P7,P7.9,Internal FMLD
PPOI-7.9.6,Number of PR/awareness activities on waste conversion,Pillar Program Output Indicators,Common Services Departments,Public Relations Unit,Output,Number,Quarterly,PP2,SG4,BO2,P7,P7.9,Internal FMLD
PPOI-8.1.1,Draft National Policy on Livestock Extension developed,Pillar Program Output Indicators,Livestock Extension & Business Development,Extension Policy Unit,Output,Binary (Y/N),One-time,PP1,SG3,BO1,P8,P8.1,Internal FMLD
PPOI-8.1.2,Stakeholder validation workshops completed,Pillar Program Output Indicators,Livestock Extension & Business Development,Extension Policy Unit,Output,Number,One-time,PP1,SG3,BO1,P8,P8.1,Internal FMLD
PPOI-8.1.3,National Policy on Livestock Extension approved,Pillar Program Output Indicators,Livestock Extension & Business Development,Extension Policy Unit,Output,Binary (Y/N),One-time,PP1,SG3,BO1,P8,P8.1,Internal FMLD
PPOI-8.1.4,Policy implementation roadmap disseminated,Pillar Program Output Indicators,Livestock Extension & Business Development,Extension Policy Unit,Output,Binary (Y/N),One-time,PP1,SG3,BO1,P8,P8.1,Internal FMLD
PPOI-8.1.5,Number of higher institutions developing livestock extension curricula,Pillar Program Output Indicators,Livestock Extension & Business Development,Training Development Unit,Output,Number,Annual,PP1,SG3,BO1,P8,P8.1,Internal FMLD
PPOI-8.2.1,Schedule of duties for LEW developed and validated,Pillar Program Output Indicators,Common Services Departments,Human Resources,Output,Binary (Y/N),One-time,PP1,SG3,BO1,P8,P8.2,Internal FMLD
PPOI-8.2.2,Number of LEWs formally integrated into civil service,Pillar Program Output Indicators,Common Services Departments,Human Resources,Output,Number,Annual,PP1,SG3,BO1,P8,P8.2,Internal FMLD
PPOI-8.2.3,Number of states implementing formal LEW cadre,Pillar Program Output Indicators,Livestock Extension & Business Development,Extension Department,Output,Number,Annual,PP1,SG3,BO1,P8,P8.2,Internal FMLD
PPOI-8.3.1,Draft extension training modules completed (by value chain),Pillar Program Output Indicators,Livestock Extension & Business Development,Training Development Unit,Output,Number,One-time,PP1,SG3,BO1,P8,P8.3,Internal FMLD
PPOI-8.3.2,Stakeholder workshop for module refinement conducted,Pillar Program Output Indicators,Livestock Extension & Business Development,Training Development Unit,Output,Number,One-time,PP1,SG3,BO1,P8,P8.3,Internal FMLD
PPOI-8.3.3,Training modules finalized and published,Pillar Program Output Indicators,Livestock Extension & Business Development,Training Development Unit,Output,Binary (Y/N),One-time,PP1,SG3,BO1,P8,P8.3,Internal FMLD
PPOI-8.3.4,Number of copies of training materials produced,Pillar Program Output Indicators,Livestock Extension & Business Development,Training Development Unit,Output,Number,Annual,PP1,SG3,BO1,P8,P8.3,Internal FMLD
PPOI-8.4.1,Number of LEWs recruited,Pillar Program Output Indicators,Common Services Departments,Human Resources,Output,Number,Annual,PP1,SG3,BO1,P8,P8.4,Internal FMLD
PPOI-8.4.2,Number of master trainers trained (ToT program),Pillar Program Output Indicators,Livestock Extension & Business Development,Extension Training Unit,Output,Number,Annual,PP1,SG3,BO1,P8,P8.4,Internal FMLD
PPOI-8.4.3,Number of cascading trainings conducted at state level,Pillar Program Output Indicators,Livestock Extension & Business Development,Extension Training Unit,Output,Number,Quarterly,PP1,SG3,BO1,P8,P8.4,Internal FMLD
PPOI-8.4.4,Percentage coverage of LEW training (% recruited workers trained),Pillar Program Output Indicators,Livestock Extension & Business Development,Extension Training Unit,Output,Percentage (%),Quarterly,PP1,SG3,BO1,P8,P8.4,Internal FMLD
PPOI-8.5.1,Number of extension service calls/requests responded to,Pillar Program Output Indicators,Livestock Extension & Business Development,Extension Operations,Output,Number,Monthly,PP1,SG3,BO1,P8,P8.5,Internal FMLD
PPOI-8.5.2,Percentage of priority livestock areas with active extension coverage,Pillar Program Output Indicators,Livestock Extension & Business Development,Extension Operations,Output,Percentage (%),Annual,PP1,SG3,BO1,P8,P8.5,Internal FMLD
PPOI-8.5.3,Number of farmers receiving extension services,Pillar Program Output Indicators,Livestock Extension & Business Development,Extension Operations,Output,Number,Quarterly,PP1,SG3,BO1,P8,P8.5,Internal FMLD
PPOI-8.5.4,Number of farmers adopting recommended practices,Pillar Program Output Indicators,Livestock Extension & Business Development,Extension Operations,Output,Number,Annual,PP1,SG3,BO1,P8,P8.5,Internal FMLD
PPOI-8.5.5,Percentage of extension service priorities rolled out nationally,Pillar Program Output Indicators,Livestock Extension & Business Development,Extension Operations,Output,Percentage (%),Annual,PP1,SG3,BO1,P8,P8.5,Internal FMLD
PPOI-8.6.1,Number of LEW specializing in pastoral systems,Pillar Program Output Indicators,Livestock Extension & Business Development,Pastoral Extension Unit,Output,Number,Annual,PP1,SG3,BO1,P8,P8.6,Internal FMLD
PPOI-8.6.2,Number of pastoralists trained on improved husbandry,Pillar Program Output Indicators,Livestock Extension & Business Development,Pastoral Extension Unit,Output,Number,Quarterly,PP1,SG3,BO1,P8,P8.6,Internal FMLD
PPOI-8.6.3,Percentage increase in pastoral herd productivity,Pillar Program Output Indicators,Livestock Extension & Business Development,Pastoral Extension Unit,Output,Percentage (%),Annual,PP1,SG3,BO1,P8,P8.6,Internal FMLD
PPOI-8.7.1,Number of private sector extension service providers mapped,Pillar Program Output Indicators,Livestock Extension & Business Development,Private Extension Unit,Output,Number,Annual,PP1,SG3,BO1,P8,P8.7,Internal FMLD
PPOI-8.7.2,SOPs for private extension delivery developed,Pillar Program Output Indicators,Livestock Extension & Business Development,Private Extension Unit,Output,Binary (Y/N),One-time,PP1,SG3,BO1,P8,P8.7,Internal FMLD
PPOI-8.7.3,Number of private extension service providers operationalized,Pillar Program Output Indicators,Livestock Extension & Business Development,Private Extension Unit,Output,Number,Annual,PP1,SG3,BO1,P8,P8.7,Internal FMLD
PPOI-8.7.4,Percentage of extension services from private sector,Pillar Program Output Indicators,Livestock Extension & Business Development,Private Extension Unit,Output,Percentage (%),Annual,PP1,SG3,BO1,P8,P8.7,Internal FMLD
PPOI-9.1.1,Number of women and youth cooperative clusters formed,Pillar Program Output Indicators,Livestock Extension & Business Development,Cooperatives Development,Output,Number,Annual,PP4,SG7,BO5,P9,P9.1,Internal FMLD
PPOI-9.1.2,Number of cooperative cluster members,Pillar Program Output Indicators,Livestock Extension & Business Development,Cooperatives Development,Output,Number,Annual,PP4,SG7,BO5,P9,P9.1,Internal FMLD
PPOI-9.1.3,Number of cooperative members trained on group dynamics,Pillar Program Output Indicators,Common Services Departments,Training Unit,Output,Number,Quarterly,PP4,SG7,BO5,P9,P9.1,Internal FMLD
PPOI-9.1.4,Percentage of trained cooperative members accessing credit,Pillar Program Output Indicators,Common Services Departments,Finance & Credit Department,Output,Percentage (%),Annual,PP4,SG7,BO5,P9,P9.1,Internal FMLD
PPOI-9.2.1,Number of women and youth sensitized on livestock programs,Pillar Program Output Indicators,"Infrastructure, PPP & Special Programs",Youth & Women Department,Output,Number,Quarterly,PP4,SG7,BO5,P9,P9.2,Internal FMLD
PPOI-9.2.2,Gender policies integrated in livestock sector documents,Pillar Program Output Indicators,"Infrastructure, PPP & Special Programs",Gender Unit,Output,Percentage (%),Annual,PP4,SG7,BO5,P9,P9.2,Internal FMLD
PPOI-9.2.3,Number of all-women and all-youth livestock enterprises,Pillar Program Output Indicators,"Infrastructure, PPP & Special Programs",Youth & Women Department,Output,Number,Annual,PP4,SG7,BO5,P9,P9.2,Internal FMLD
PPOI-9.3.1,Number of women/youth livestock farmers linked to credit,Pillar Program Output Indicators,Common Services Departments,Credit Facilitation Unit,Output,Number,Quarterly,PP4,SG7,BO5,P9,P9.3,Internal FMLD
PPOI-9.3.2,Average loan size per woman/youth borrower,Pillar Program Output Indicators,Common Services Departments,Credit Facilitation Unit,Output,Naira,Quarterly,PP4,SG7,BO5,P9,P9.3,Internal FMLD
PPOI-9.3.3,Percentage on-time loan repayment rate (women/youth),Pillar Program Output Indicators,Common Services Departments,Credit Facilitation Unit,Output,Percentage (%),Quarterly,PP4,SG7,BO5,P9,P9.3,Internal FMLD
PPOI-9.4.1,Number of livestock cottage industries established,Pillar Program Output Indicators,"Infrastructure, PPP & Special Programs",Cottage Industries Unit,Output,Number,Annual,PP4,SG7,BO5,P9,P9.4,Internal FMLD
PPOI-9.4.2,Investment in cottage industries,Pillar Program Output Indicators,"Infrastructure, PPP & Special Programs",Cottage Industries Unit,Output,Naira (Million),Annual,PP4,SG7,BO5,P9,P9.4,Internal FMLD
PPOI-9.4.3,Number of beneficiary women/youth trained on industry management,Pillar Program Output Indicators,Common Services Departments,Training Unit,Output,Number,Quarterly,PP4,SG7,BO5,P9,P9.4,Internal FMLD
PPOI-9.4.4,Number of industries operational and generating revenue,Pillar Program Output Indicators,"Infrastructure, PPP & Special Programs",Cottage Industries Unit,Output,Number,Annual,PP4,SG7,BO5,P9,P9.4,Internal FMLD
PPOI-9.5.1,Number of women and youth trained in agribusiness,Pillar Program Output Indicators,Common Services Departments,Agribusiness Training Unit,Output,Number,Quarterly,PP4,SG7,BO5,P9,P9.5,Internal FMLD
PPOI-9.5.2,Number of women/youth provided starter pack inputs,Pillar Program Output Indicators,"Infrastructure, PPP & Special Programs",Input Support Unit,Output,Number,Quarterly,PP4,SG7,BO5,P9,P9.5,Internal FMLD
PPOI-9.5.3,Input value per beneficiary,Pillar Program Output Indicators,"Infrastructure, PPP & Special Programs",Input Support Unit,Output,Naira,Annual,PP4,SG7,BO5,P9,P9.5,Internal FMLD
PPOI-9.5.4,Number of market linkages established for women/youth,Pillar Program Output Indicators,Livestock Extension & Business Development,Market Linkages Unit,Output,Number,Annual,PP4,SG7,BO5,P9,P9.5,Internal FMLD
PPOI-10.1.1,Number of stakeholders sensitized for census (awareness),Pillar Program Output Indicators,Common Services Departments,Census Unit,Output,Number,One-time,PP4,SG8,BO5,P10,P10.1,Internal FMLD
PPOI-10.1.2,Census design finalized,Pillar Program Output Indicators,Common Services Departments,Census Unit,Output,Binary (Y/N),One-time,PP4,SG8,BO5,P10,P10.1,Internal FMLD
PPOI-10.1.3,National sensitization campaign completed,Pillar Program Output Indicators,Common Services Departments,Public Relations Unit,Output,Binary (Y/N),One-time,PP4,SG8,BO5,P10,P10.1,Internal FMLD
PPOI-10.1.4,Number of livestock species enumerated,Pillar Program Output Indicators,Common Services Departments,Census Unit,Output,Number,One-time,PP4,SG8,BO5,P10,P10.1,Internal FMLD
PPOI-10.1.5,Number of livestock farmers enumerated,Pillar Program Output Indicators,Common Services Departments,Census Unit,Output,Number (Million),One-time,PP4,SG8,BO5,P10,P10.1,Internal FMLD
PPOI-10.1.6,Number of livestock infrastructure/markets enumerated,Pillar Program Output Indicators,Common Services Departments,Census Unit,Output,Number,One-time,PP4,SG8,BO5,P10,P10.1,Internal FMLD
PPOI-10.2.1,National livestock ID system design completed,Pillar Program Output Indicators,Common Services Departments,Traceability Unit,Output,Binary (Y/N),One-time,PP4,SG8,BO3,P10,P10.2,Internal FMLD
PPOI-10.2.2,Number of animals with unique ID assigned,Pillar Program Output Indicators,Common Services Departments,Traceability Unit,Output,Number (Million),Quarterly,PP4,SG8,BO3,P10,P10.2,Internal FMLD
PPOI-10.2.3,Traceability system operational,Pillar Program Output Indicators,Common Services Departments,Traceability Unit,Output,Binary (Y/N),One-time,PP4,SG8,BO3,P10,P10.2,Internal FMLD
PPOI-10.2.4,Number of traceability system users trained,Pillar Program Output Indicators,Common Services Departments,Training Unit,Output,Number,Quarterly,PP4,SG8,BO3,P10,P10.2,Internal FMLD
PPOI-10.3.1,Livestock data management system (LDMS) designed,Pillar Program Output Indicators,Common Services Departments,NLIMS Development Unit,Output,Binary (Y/N),One-time,PP4,SG8,BO5,P10,P10.3,Internal FMLD
PPOI-10.3.2,LDMS software developed and tested,Pillar Program Output Indicators,Common Services Departments,NLIMS Development Unit,Output,Binary (Y/N),One-time,PP4,SG8,BO5,P10,P10.3,Internal FMLD
PPOI-10.3.3,Data analysis and reporting tools procured,Pillar Program Output Indicators,Common Services Departments,NLIMS Development Unit,Output,Binary (Y/N),One-time,PP4,SG8,BO5,P10,P10.3,Internal FMLD
PPOI-10.3.4,Computer hardware deployed to LGAs/states,Pillar Program Output Indicators,Common Services Departments,ICT Department,Output,Number,Annual,PP4,SG8,BO5,P10,P10.3,Internal FMLD
PPOI-10.3.5,Number of reports generated and disseminated,Pillar Program Output Indicators,Common Services Departments,Statistics Unit,Output,Number,Quarterly,PP4,SG8,BO5,P10,P10.3,Internal FMLD
PPOI-10.3.6,System maintenance and updates performed,Pillar Program Output Indicators,Common Services Departments,Systems Unit,Output,Number,Quarterly,PP4,SG8,BO5,P10,P10.3,Internal FMLD
PPOI-10.4.1,Number of livestock/animal health officers trained on data management,Pillar Program Output Indicators,Common Services Departments,Data Training Unit,Output,Number,Annual,PP4,SG8,BO5,P10,P10.4,Internal FMLD
PPOI-10.4.2,Number of data entry personnel trained,Pillar Program Output Indicators,Common Services Departments,Data Training Unit,Output,Number,Annual,PP4,SG8,BO5,P10,P10.4,Internal FMLD
PPOI-10.4.3,Number of livestock farmers trained on data collection,Pillar Program Output Indicators,Common Services Departments,Data Training Unit,Output,Number,Annual,PP4,SG8,BO5,P10,P10.4,Internal FMLD
PPOI-10.4.4,Number of personnel receiving refresher/advanced training,Pillar Program Output Indicators,Common Services Departments,Data Training Unit,Output,Number,Annual,PP4,SG8,BO5,P10,P10.4,Internal FMLD
PPOI-10.4.5,Number of usage status reports generated (system performance),Pillar Program Output Indicators,Common Services Departments,Systems Unit,Output,Number,Quarterly,PP4,SG8,BO5,P10,P10.4,Internal FMLD
PPOI-CCM1.1,Total investment mobilized (all sources),Pillar Program Output Indicators,Common Services Departments,Finance Department,Output,Naira (Billion),Quarterly,PP4,SG7,BO7,All Pillars,CCM1,Internal FMLD
PPOI-CCM1.2,Federal government budget allocation to NGLAS,Pillar Program Output Indicators,Common Services Departments,Finance Department,Output,Naira (Billion),Annual,PP4,SG7,BO7,All Pillars,CCM1,Internal FMLD
PPOI-CCM1.3,Donor/MDB funding commitments secured,Pillar Program Output Indicators,"Infrastructure, PPP & Special Programs",Partnerships Unit,Output,USD (Million),Annual,PP4,SG7,BO7,All Pillars,CCM1,Internal FMLD
PPOI-CCM1.4,Private sector investment secured (Letters of Intent),Pillar Program Output Indicators,Common Services Departments,Investment Mobilization,Output,Naira (Billion),Annual,PP4,SG7,BO7,All Pillars,CCM1,Internal FMLD
PPOI-CCM1.5,State government co-investment,Pillar Program Output Indicators,Common Services Departments,State Coordination Unit,Output,Naira (Billion),Annual,PP4,SG7,BO7,All Pillars,CCM1,Internal FMLD
PPOI-CCM2.1,National Joint Working Group (JWG) established & operational,Pillar Program Output Indicators,Common Services Departments,Coordination Unit,Output,Binary (Y/N),One-time,PP4,SG7,BO7,All Pillars,CCM2,Internal FMLD
PPOI-CCM2.2,Number of JWG meetings held,Pillar Program Output Indicators,Common Services Departments,Coordination Unit,Output,Number,Quarterly,PP4,SG7,BO7,All Pillars,CCM2,Internal FMLD
PPOI-CCM2.3,Number of state-level JWGs established,Pillar Program Output Indicators,Common Services Departments,State Coordination Unit,Output,Number,Annual,PP4,SG7,BO7,All Pillars,CCM2,Internal FMLD
PPOI-CCM2.4,Percentage of JWG recommendations implemented,Pillar Program Output Indicators,Common Services Departments,Coordination Unit,Output,Percentage (%),Quarterly,PP4,SG7,BO7,All Pillars,CCM2,Internal FMLD
PPOI-CCM2.5,Number of inter-ministerial coordination meetings held,Pillar Program Output Indicators,Common Services Departments,Coordination Unit,Output,Number,Quarterly,PP4,SG7,BO7,All Pillars,CCM2,Internal FMLD
PPOI-CCM2.6,Percentage of coordination issues resolved through JWG,Pillar Program Output Indicators,Common Services Departments,Coordination Unit,Output,Percentage (%),Quarterly,PP4,SG7,BO7,All Pillars,CCM2,Internal FMLD
PPOI-CCM3.1,Livestock sector GHG emissions (carbon footprint),Pillar Program Output Indicators,"Infrastructure, PPP & Special Programs",Environment Unit,Output,Metric Tonnes CO2e,Annual,PP1,SG3,BO1,All Pillars,CCM3,Internal FMLD
PPOI-CCM3.2,Number of grazing reserves under sustainable management,Pillar Program Output Indicators,"Infrastructure, PPP & Special Programs",Environment Unit,Output,Number,Annual,PP1,SG3,BO1,"P3,P4",CCM3,Internal FMLD
PPOI-CCM3.3,Percentage of farmland under soil conservation practices,Pillar Program Output Indicators,"Infrastructure, PPP & Special Programs",Environment Unit,Output,Percentage (%),Annual,PP1,SG3,BO1,All Pillars,CCM3,Internal FMLD
PPOI-CCM3.4,Biodiversity conservation (livestock breed diversity),Pillar Program Output Indicators,Ruminants & Monogastric Development,Breeding Unit,Output,Number of Breeds,Annual,PP1,SG1,BO1,P1,CCM3,Internal FMLD
PPOI-CCM4.1,Percentage of women farmers in sector programs,Pillar Program Output Indicators,"Infrastructure, PPP & Special Programs",Social Inclusion Unit,Output,Percentage (%),Quarterly,PP4,SG7,BO5,All Pillars,CCM4,Internal FMLD
PPOI-CCM4.2,Percentage of youth (18-35 years) in sector programs,Pillar Program Output Indicators,"Infrastructure, PPP & Special Programs",Social Inclusion Unit,Output,Percentage (%),Quarterly,PP4,SG7,BO5,All Pillars,CCM4,Internal FMLD
PPOI-CCM4.3,Percentage of pastoralist/nomadic communities benefiting,Pillar Program Output Indicators,"Infrastructure, PPP & Special Programs",Social Inclusion Unit,Output,Percentage (%),Annual,PP4,SG7,BO5,"P3,P4,P6",CCM4,Internal FMLD
PPOI-CCM4.4,Percentage of smallholder farmers benefiting,Pillar Program Output Indicators,"Infrastructure, PPP & Special Programs",Social Inclusion Unit,Output,Percentage (%),Annual,PP4,SG7,BO5,All Pillars,CCM4,Internal FMLD
PPOI-CCM4.5,Gini coefficient for livestock income distribution,Pillar Program Output Indicators,"Infrastructure, PPP & Special Programs",Social Inclusion Unit,Output,Coefficient (0-1),Annual,PP4,SG7,BO5,All Pillars,CCM4,Internal FMLD
